No,Date,Month,Ticket number,W/O number,Category,Discirption,Location,Teams,Amount,Released Date,Days Taken,W/O Status,
1,18-Mar-25,,RFS-1-12363758419,WO/43023,Masonry,REDACTED,REDACTED,T1 Masonry,"$2,099.50 ",24-Aug-25,,Closed,
2,28-Apr-25,,CT-01465,WO/44055,Welding & Painting,REDACTED,REDACTED,Team 4,$691.80 ,8-Feb-26,,Closed,
3,16-Jul-25,,IM-1-12485872999,WO/45667,Carpentry RF,REDACTED,REDACTED,Aljazeera II,$450.00 ,17-Jul-25,,Closed,
4,21-Jul-25,,IM-1-12485872999,WO/45742,Carpentry RF,REDACTED,REDACTED,Team 2 ,$217.50 ,9-Feb-26,,Closed,
5,26-Jul-25,,RFS-1-1242008687,WO/45654,Carpentry RF,REDACTED,REDACTED,Aljazeera II,$18.00 ,23-Aug-25,,Closed,
6,4-Aug-25,,IM-1-12513951968,WO/46048,Carpentry RF,REDACTED,REDACTED,Team 5,"$1,096.80 ",8-Sep-25,,Closed,
7,5-Aug-25,,RFS-1-12515375739,WO/46077,Plumbing,REDACTED,REDACTED,T1 Plumbing,$131.00 ,23-Aug-25,,Closed,
8,5-Aug-25,,IM-1-12503468417,WO/46057,Welding & Painting,REDACTED,REDACTED,Welding,"$4,247.20 ",8-Sep-25,,Closed,
9,6-Aug-25,,IM-1-12554122557,WO/46883,Plumbing,REDACTED,REDACTED,T1 Plumbing,$115.20 ,11-Sep-25,,Closed,
10,9-Aug-25,,RFS-1-12512491304,WO/46147,Welding & Painting,REDACTED,REDACTED,Team 4,$351.40 ,23-Aug-25,,Closed,
11,9-Aug-25,,IM-1-12485873034,WO/46151,Welding & Painting,REDACTED,REDACTED,Team 3,$540.50 ,23-Aug-25,,Closed,
12,9-Aug-25,,RFS-1-12516248955,WO/46145,Masonry,REDACTED,REDACTED,T1 Masonry,$230.00 ,26-Aug-25,,Closed,
13,10-Aug-25,,CT-02237,WO/46172,Masonry,REDACTED,REDACTED,T1 Masonry,"$3,496.50 ",23-Aug-25,,Closed,
14,11-Aug-25,,IM-1-12517727165,WO/46190,Carpentry FF,REDACTED,REDACTED,T1 Carpentry,$805.60 ,23-Aug-25,,Approved,
15,11-Aug-25,,IM-1-12520259388,WO/46195,Carpentry RF,REDACTED,REDACTED,T1 Carpentry,$884.40 ,23-Aug-25,,Approved,
16,11-Aug-25,,IM-1-12520287718,WO/46188,Carpentry RF,REDACTED,REDACTED,T1 Carpentry,$951.12 ,23-Aug-25,,Closed,
17,11-Aug-25,,CT-02234,WO/46185,Welding & Painting,REDACTED,REDACTED,Team 3,$879.50 ,23-Aug-25,,Closed,
18,11-Aug-25,,IM-1-12506963263,WO/46199,Carpentry RF,REDACTED,REDACTED,Team 5,$124.00 ,23-Aug-25,,Closed,
19,11-Aug-25,,IM-1-12515179535,WO/46197,Welding & Painting,REDACTED,REDACTED,Team 5,$424.50 ,26-Aug-25,,Closed,
20,11-Aug-25,,CT-02250,,Plumbing,REDACTED,REDACTED,T1 Plumbing,$723.00 ,8-Sep-25,,Closed,
21,12-Aug-25,,RFS-1-12515293407,WO/46312,Welding & Painting,REDACTED,REDACTED,T1 Painting,$210.36 ,23-Aug-25,,Closed,
22,12-Aug-25,,RFS-12521343050,WO/46227,Plumbing,REDACTED,REDACTED,T1 Plumbing,$114.00 ,23-Aug-25,,Approved,
23,13-Aug-25,,RFS-1-12522808360,WO/46238,Carpentry RF,REDACTED,REDACTED,T1 Carpentry,$134.70 ,23-Aug-25,,Closed,
24,13-Aug-25,,RFS-1-12475229439,WO/46242,Plumbing,REDACTED,REDACTED,Team 3,$315.00 ,13-Aug-25,,Closed,
25,13-Aug-25,,IM-1-12520846258,WO/46252,Masonry,REDACTED,REDACTED,T1 Masonry,$408.00 ,23-Aug-25,,Closed,
26,13-Aug-25,,IM-1-12522532505,WO/46241,Carpentry RF,REDACTED,REDACTED,T1 Carpentry,$9.00 ,23-Aug-25,,Closed,
27,13-Aug-25,,IM-1-12512963318,WO/46246,Plumbing,REDACTED,REDACTED,Team 5,$32.00 ,23-Aug-25,,Closed,
28,13-Aug-25,,RFS-1-12520787399,WO/46243,Masonry,REDACTED,REDACTED,T1 Masonry,$790.00 ,23-Aug-25,,Closed,
29,13-Aug-25,,RFS-1-12522734518,WO/46245,Carpentry FF,REDACTED,REDACTED,T1 Carpentry,$143.28 ,23-Aug-25,,Closed,
30,13-Aug-25,,CT-02267,WO/46264,Welding & Painting,REDACTED,REDACTED,T1 Painting,$226.00 ,14-Aug-25,,Rejected,
31,13-Aug-25,,RFS-1-12499911622,WO/46251,Carpentry FF,REDACTED,REDACTED,T1 Carpentry,$622.84 ,8-Sep-25,,Closed,
32,14-Aug-25,,IM-1-12522977938,WO/46297,Carpentry RF,REDACTED,REDACTED,T1 Carpentry,$301.50 ,23-Aug-25,,Closed,
33,14-Aug-25,,RFS-1-12520845637,WO/46279,Carpentry RF,REDACTED,REDACTED,Team 3,"$1,093.20 ",23-Aug-25,,Approved,
34,14-Aug-25,,IM-1-12522807831,WO/46304,Welding & Painting,REDACTED,REDACTED,T1 Painting,$889.10 ,23-Aug-25,,Closed,
35,14-Aug-25,,RFS-1-12522808034,WO/46303,Welding & Painting,REDACTED,REDACTED,T1 Painting,$345.40 ,23-Aug-25,,Closed,
36,14-Aug-25,,RFS-1-125225236299,WO/46321,Plumbing,REDACTED,REDACTED,T1 Plumbing,$263.00 ,23-Aug-25,,Closed,
37,14-Aug-25,,RFS-1-12521585097,WO/46302,Welding & Painting,REDACTED,REDACTED,Welding,$120.00 ,19-Aug-25,,Closed,
38,14-Aug-25,,RFS-1-12522808034,WO/46299,Plumbing,REDACTED,REDACTED,T1 Plumbing,$446.50 ,19-Aug-25,,Closed,
39,14-Aug-25,,RFS-1-12521153847,WO/46310,Welding & Painting,REDACTED,REDACTED,Welding,$209.20 ,23-Aug-25,,Closed,
40,14-Aug-25,,CT-02277,WO/46319,Masonry,REDACTED,REDACTED,T1 Masonry,"$1,606.00 ",23-Aug-25,,Closed,
41,14-Aug-25,,CT-02278,WO/46320,Plumbing,REDACTED,REDACTED,T1 Plumbing,$237.50 ,,,Rejected,
42,14-Aug-25,,RFS1-12509786658,WO/46281,Masonry,REDACTED,REDACTED,Team 4,$144.96 ,23-Aug-25,,Closed,
43,14-Aug-25,,CT-02234,WO/46278,Carpentry RF,REDACTED,REDACTED,Team 3,$26.40 ,23-Aug-25,,Closed,
44,14-Aug-25,,IM-1-12517401076,WO/46282,Masonry,REDACTED,REDACTED,Team 4,$559.42 ,23-Aug-25,,Closed,
45,14-Aug-25,,IM-1-12522807806,WO/46298,Carpentry RF,REDACTED,REDACTED,T1 Carpentry,$189.21 ,23-Aug-25,,Closed,
46,14-Aug-25,,CT-02275,WO/46294,Plumbing,REDACTED,REDACTED,T1 Plumbing,$244.00 ,14-Aug-25,,Closed,
47,14-Aug-25,,IM-1-12508641786,WO/46283,Plumbing,REDACTED,REDACTED,Team 4,"$1,553.00 ",1-Sep-25,,Closed,
48,14-Aug-25,,IM-1-12520781431,WO/46280,Carpentry RF,REDACTED,REDACTED,Team 3,$120.00 ,26-Aug-25,,Closed,
49,14-Aug-25,,RFS-1-12520780915,WO/46317,Carpentry FF,REDACTED,REDACTED,T1 Carpentry,$177.48 ,3-Sep-25,,Approved,
50,14-Aug-25,,IM-1-12530071837,WO/46414,Carpentry FF,REDACTED,REDACTED,Team 5,$29.80 ,23-Aug-25,,Approved,
51,14-Aug-25,,CT-02278,WO/46322,Plumbing,REDACTED,REDACTED,T1 Plumbing,$237.50 ,14-Aug-25,,Closed,
52,16-Aug-25,,IM-1-12521724206,WO/46330,Carpentry RF,REDACTED,REDACTED,Team 4,$4.80 ,23-Aug-25,,Closed,
53,16-Aug-25,,IM-1-12517282376,WO/46276,Welding & Painting,REDACTED,REDACTED,Welding,"$1,748.70 ",23-Aug-25,,Closed,
54,16-Aug-25,,RFS-1-12525538235,WO/46345,Welding & Painting,REDACTED,REDACTED,T1 Painting,"$1,425.10 ",23-Aug-25,,Closed,
55,16-Aug-25,,RFS-1-12521724212,WO/46331,Welding & Painting,REDACTED,REDACTED,Team 4,$298.50 ,26-Aug-25,,Closed,
56,16-Aug-25,,RFS-1-12523825439,WO/46332,Plumbing,REDACTED,REDACTED,T1 Plumbing,$594.50 ,23-Aug-25,,Closed,
57,16-Aug-25,,IM-1-12538148026,WO/46589,Carpentry RF,REDACTED,REDACTED,T1 Carpentry,$75.00 ,24-Aug-25,,Closed,
58,16-Aug-25,,RFS-1-12514929462,WO/46342,Welding & Painting,REDACTED,REDACTED,T1 Painting,$287.30 ,11-Sep-25,,Closed,
59,17-Aug-25,,RFS-1-12525693351,WO/46361,Carpentry FF,REDACTED,REDACTED,T1 Carpentry,$378.00 ,23-Aug-25,,Closed,
60,17-Aug-25,,IM-1-12525577998,WO/46366,Carpentry RF,REDACTED,REDACTED,T1 Carpentry,$14.65 ,23-Aug-25,,Closed,
61,17-Aug-25,,RFS-1-12523988762,WO/46377,Carpentry RF,REDACTED,REDACTED,Team 2 ,$96.00 ,23-Aug-25,,Closed,
62,17-Aug-25,,IM-1-12524050904,WO/46371,Welding & Painting,REDACTED,REDACTED,Team 4,$384.80 ,23-Aug-25,,Closed,
63,17-Aug-25,,IM-1-12518667434,WO/46365,Welding & Painting,REDACTED,REDACTED,Team 2 ,"$1,501.30 ",23-Aug-25,,Closed,
64,17-Aug-25,,IM-1-12523048798,WO/46378,Plumbing,REDACTED,REDACTED,Team 2 ,$452.50 ,23-Aug-25,,Closed,
65,17-Aug-25,,RFS-1-12524036775,WO/46372,Welding & Painting,REDACTED,REDACTED,Team 4,$246.80 ,26-Aug-25,,Closed,
66,17-Aug-25,,IM-1-12522532551,WO/46379,Carpentry RF,REDACTED,REDACTED,Team 2 ,$130.24 ,26-Aug-25,,Closed,
67,17-Aug-25,,IM-1-112525299789,WO/46351,Plumbing,REDACTED,REDACTED,Team 4,"$1,934.50 ",1-Sep-25,,Closed,
68,17-Aug-25,,IM-1-12524165787,WO/46359,Plumbing,REDACTED,REDACTED,T1 Plumbing,$335.28 ,24-Aug-25,,Closed,
69,17-Aug-25,,RFS-1-12514060874,WO/46370,Welding & Painting,REDACTED,REDACTED,Team 4,$216.90 ,28-Aug-25,,Approved,
70,17-Aug-25,,RFS-1-12525652808,WO/46363,Masonry,REDACTED,REDACTED,Team 2 ,$324.50 ,28-Aug-25,,Closed,
71,17-Aug-25,,RFS-1-12520780681,WO/46362,Carpentry RF,REDACTED,REDACTED,T1 Carpentry,$216.00 ,3-Sep-25,,Closed,
72,17-Aug-25,,IM-1-12522718378,WO/46375,Carpentry RF,REDACTED,REDACTED,T1 Carpentry,$210.00 ,3-Sep-25,,Closed,
73,18-Aug-25,,CT-02067,WO/46388,Carpentry RF,REDACTED,REDACTED,T1 Carpentry,$8.70 ,23-Aug-25,,Closed,
74,18-Aug-25,,CT-02311,WO/46385,Plumbing,REDACTED,REDACTED,T1 Plumbing,$259.00 ,24-Aug-25,,Closed,
75,18-Aug-25,,CT-02317,WO/46396,Plumbing,REDACTED,REDACTED,T1 Plumbing,$538.78 ,24-Aug-25,,Closed,
76,18-Aug-25,,IM-1-12522459152,WO/46432,Carpentry FF,REDACTED,REDACTED,T1 Carpentry,$181.00 ,28-Aug-25,,Approved,
77,19-Aug-25,,RFS-1-12528887933,WO/46424,Carpentry RF,REDACTED,REDACTED,T1 Carpentry,$130.81 ,23-Aug-25,,Closed,
78,19-Aug-25,,RFS-1-12528783856,WO/46425,Carpentry RF,REDACTED,REDACTED,T1 Carpentry,$121.26 ,23-Aug-25,,Closed,
79,19-Aug-25,,RFS-1-12523867256,WO/46427,Carpentry FF,REDACTED,REDACTED,Team 3,$84.00 ,26-Aug-25,,Approved,
80,19-Aug-25,,IM-1-12542002962,WO/46674,Plumbing,REDACTED,REDACTED,Team 2 ,$176.25 ,3-Sep-25,,Closed,
81,20-Aug-25,,CT-02341,WO/46468,Carpentry RF,REDACTED,REDACTED,Team 2 ,$239.76 ,20-Aug-25,,Closed,
82,21-Aug-25,,RFS-1-12530946114,WO/46482,Masonry,REDACTED,REDACTED,T1 Masonry,$581.00 ,10-Sep-25,,Closed,
83,21-Aug-25,,CT-02349,WO/46479,Welding & Painting,REDACTED,REDACTED,Team 4,$94.00 ,28-Aug-25,,Closed,
84,21-Aug-25,,IM-1-12533567522,WO/46492,Carpentry RF,REDACTED,REDACTED,T1 Carpentry,$328.92 ,28-Aug-25,,Closed,
85,22-Aug-25,,RFS-1-12532530539,WO/46496,Carpentry FF,REDACTED,REDACTED,Team 3,$312.60 ,26-Aug-25,,Closed,
86,22-Aug-25,,IM-1-12532238771,WO/46495,Carpentry RF,REDACTED,REDACTED,Team 3,$708.00 ,26-Aug-25,,Closed,
87,22-Aug-25,,RFS-1-12528887769,WO/46494,Carpentry RF,REDACTED,REDACTED,Team 3,$261.80 ,,,Rejected,
88,22-Aug-25,,IM-1-12532167818,WO/46493,Masonry,REDACTED,REDACTED,Team 3,"$1,498.50 ",26-Aug-25,,Approved,
89,23-Aug-25,,RFS-1-12474121576,WO/45373,Carpentry FF,REDACTED,REDACTED,T1 Carpentry,$76.04 ,30-Aug-25,,Closed,
90,23-Aug-25,,RFS-1-12534065965,WO/46518,Masonry,REDACTED,REDACTED,Team 2 ,"$1,486.00 ",26-Aug-25,,Closed,
91,23-Aug-25,,RFS-1-12534065965,WO/46519,Plumbing,REDACTED,REDACTED,Team 2 ,"$2,594.95 ",10-Sep-25,,Approved,
92,23-Aug-25,,IM-1-12534065531,WO/46521,Plumbing,REDACTED,REDACTED,Team 2 ,$452.50 ,26-Aug-25,,Closed,
93,23-Aug-25,,CT-02359,WO/46511,Plumbing,REDACTED,REDACTED,Team 4,$560.56 ,30-Aug-25,,Closed,
94,23-Aug-25,,RFS-1-12534190989,WO/46520,Welding & Painting,REDACTED,REDACTED,Team 2 ,$312.82 ,8-Sep-25,,Closed,
95,24-Aug-25,,RFS-1-12535112818,WO/46530,Plumbing,REDACTED,REDACTED,T1 Plumbing,$377.50 ,28-Aug-25,,Closed,
96,24-Aug-25,,IM-1-12533767485,WO/46531,Welding & Painting,REDACTED,REDACTED,Team 3,$418.60 ,28-Aug-25,,Closed,
97,24-Aug-25,,RFS-1-12535186297,WO/46527,Carpentry RF,REDACTED,REDACTED,T1 Carpentry,$91.80 ,28-Aug-25,,Closed,
98,24-Aug-25,,RFS-1-12535009057,WO/46528,Carpentry RF,REDACTED,REDACTED,T1 Carpentry,$56.00 ,28-Aug-25,,Closed,
99,24-Aug-25,,IM-1-12533567522,WO/46529,Masonry,REDACTED,REDACTED,T1 Masonry,$431.00 ,,,Rejected,
100,24-Aug-25,,IM-1-12533483065,WO/46526,Carpentry RF,REDACTED,REDACTED,T1 Carpentry,$281.25 ,3-Sep-25,,Approved,
101,24-Aug-25,,RFS1-12534190521,WO/46524,Carpentry FF,REDACTED,REDACTED,T1 Carpentry,$33.50 ,29-Aug-25,,Closed,
102,24-Aug-25,,IM-1-12532337521,WO/46525,Masonry,REDACTED,REDACTED,T1 Masonry,$519.00 ,,,Rejected,
103,24-Aug-25,,IM-1-12427850958,WO/46537,Plumbing,REDACTED,REDACTED,T1 Plumbing,$201.00 ,28-Aug-25,,Closed,
104,24-Aug-25,,RFS1-12532288603,WO/46539,Masonry,REDACTED,REDACTED,Team 4,"$1,174.20 ",,,Rejected,
105,24-Aug-25,,IM-1-12447820144,WO/46540,Carpentry RF,REDACTED,REDACTED,Team 4,$757.00 ,,,Rejected,
106,25-Aug-25,,IM-1-12530071854,WO/46546,Plumbing,REDACTED,REDACTED,Team 4,$357.50 ,28-Aug-25,,Closed,
107,25-Aug-25,,RFS-1-12528783812,WO/46545,Carpentry RF,REDACTED,REDACTED,Team 4,$147.00 ,8-Sep-25,,Closed,
108,25-Aug-25,,IM-1-12537768132,WO/46542,Welding & Painting,REDACTED,REDACTED,T1 Painting,$259.40 ,28-Aug-25,,Closed,
109,25-Aug-25,,RFS-1-12536920447,WO/46553,Masonry,REDACTED,REDACTED,T1 Masonry,$496.00 ,,,Rejected,
110,25-Aug-25,,IM-1-12537420787,WO/46566,Carpentry RF,REDACTED,REDACTED,T1 Carpentry,$71.00 ,3-Sep-25,,Closed,
111,25-Aug-25,,RFS-1-12525538245,WO/46548,Welding & Painting,REDACTED,REDACTED,T1 Painting,$354.28 ,3-Sep-25,,Closed,
112,25-Aug-25,,RFS-1-12531171827,WO/46562,Welding & Painting,REDACTED,REDACTED,Team 2 ,"$1,297.20 ",8-Sep-25,,Closed,
113,25-Aug-25,,CT-02381,WO/46575,Welding & Painting,REDACTED,REDACTED,T1 Painting,$752.80 ,25-Aug-25,,Closed,
114,26-Aug-25,,RFS-1-12539216116,WO/46596,Masonry,REDACTED,REDACTED,T1 Masonry,$120.00 ,3-Sep-25,,Closed,
115,26-Aug-25,,IM-1-12538148088,WO/46597,Welding & Painting,REDACTED,REDACTED,T1 Painting,$329.40 ,3-Sep-25,,Closed,
116,26-Aug-25,,IM-1-12537421308 ,WO/46600,Carpentry FF,REDACTED,REDACTED,T1 Carpentry,$188.08 ,3-Sep-25,,Closed,
117,26-Aug-25,,IM-1-12538148137,WO/46599,Carpentry RF,REDACTED,REDACTED,T1 Carpentry,$317.40 ,3-Sep-25,,Closed,
118,26-Aug-25,,: IM-1-12522977647,WO/46268,Plumbing,REDACTED,REDACTED,T1 Plumbing,$306.25 ,4-Sep-25,,Closed,
119,26-Aug-25,,RFS-1-12523988997,WO/46350,Welding & Painting,REDACTED,REDACTED,Team 2 ,"$1,258.80 ",,,Rejected,
120,26-Aug-25,,RFS-1-12471220731,WO/46405,Plumbing,REDACTED,REDACTED,Team 4,"$1,050.00 ",,,Rejected,
121,26-Aug-25,,RFS-1-12520780915,WO/46316,Plumbing,REDACTED,REDACTED,Team 4,$529.50 ,,,Rejected,
122,26-Aug-25,,RFS-1-12514060880,WO/46186,Welding & Painting,REDACTED,REDACTED,Team 3,"$1,075.30 ",,,Rejected,
123,26-Aug-25,,IM-1-12538111802,WO/46601,Carpentry RF,REDACTED,REDACTED,Team 3,$228.00 ,3-Sep-25,,Approved,
124,26-Aug-25,,IM-1-12538148386,"WO/46603",Carpentry RF,REDACTED,REDACTED,Team 5,$23.40 ,3-Sep-25,,Approved,
125,26-Aug-25,,IM-1-12537674611,WO/46602,Plumbing,REDACTED,REDACTED,Team 4,$753.80 ,28-Aug-25,,Closed,
126,26-Aug-25,,IM-1-12537767897,WO/46607,Plumbing,REDACTED,REDACTED,T1 Plumbing,$259.00 ,3-Sep-25,,Closed,
127,26-Aug-25,,RFS-1-12523866683,WO/46604,Welding & Painting,REDACTED,REDACTED,Team 3,$311.00 ,6-Sep-25,,Closed,
128,26-Aug-25,,IM-1-12537421079,WO/46613,Masonry,REDACTED,REDACTED,T1 Masonry,$384.65 ,3-Sep-25,,Approved,
129,26-Aug-25,,RFS-1-12539215609,"WO/46616",Carpentry RF,REDACTED,REDACTED,T1 Carpentry,$320.00 ,30-Aug-25,,Closed,
130,26-Aug-25,,RFS-1-12539404184 ,WO/46614,Plumbing,REDACTED,REDACTED,T1 Plumbing,$364.50 ,3-Sep-25,,Closed,
131,27-Aug-25,,RFS-1-12535185675,WO/46617,Welding & Painting,REDACTED,REDACTED,Team 3,"$2,543.90 ",3-Sep-25,,Closed,
132,27-Aug-25,,RFS-1-12540203645,WO/46609,Plumbing,REDACTED,REDACTED,T1 Plumbing,$279.50 ,3-Sep-25,,Closed,
133,27-Aug-25,,IM-1-12538148137,WO/46615,Masonry,REDACTED,REDACTED,T1 Masonry,$421.16 ,3-Sep-25,,Closed,
134,27-Aug-25,,IM-1-12537767948,WO/46623,Masonry,REDACTED,REDACTED,Team 3,$710.50 ,3-Sep-25,,Closed,
135,27-Aug-25,,RFS-1-12540779705,WO/46665,Plumbing,REDACTED,REDACTED,T1 Plumbing,$266.85 ,3-Sep-25,,Closed,
136,27-Aug-25,,RFS-1-12536920196,WO/46628,Plumbing,REDACTED,REDACTED,T1 Plumbing,$889.90 ,28-Aug-25,,Closed,
137,27-Aug-25,,RFS-1-12540024193,WO/46664,Welding & Painting,REDACTED,REDACTED,T1 Painting,"$4,621.00 ",,,Rejected,
138,28-Aug-25,, CT-02398,WO/46627,Plumbing,REDACTED,REDACTED,T1 Plumbing,$314.50 ,29-Aug-25,,Closed,
139,28-Aug-25,, CT-02396,WO/46666,Plumbing,REDACTED,REDACTED,T1 Plumbing,$230.00 ,30-Aug-25,,Closed,
140,28-Aug-25,,IM-1-12538112288,WO/46675,Plumbing,REDACTED,REDACTED,Team 2 ,$237.50 ,6-Sep-25,,Closed,
141,28-Aug-25,,RFS-1-12538112364,WO/46676,Carpentry FF,REDACTED,REDACTED,Team 2 ,$367.20 ,4-Sep-25,,Closed,
142,28-Aug-25,,IM-1-12538112243,WO/46677,Welding & Painting,REDACTED,REDACTED,Team 2 ,$462.00 ,3-Sep-25,,Closed,
143,28-Aug-25,, IM-12525235113,WO/46678,Plumbing,REDACTED,REDACTED,Team 3,$532.50 ,31-Aug-25,,Closed,
144,28-Aug-25,,CT-02392,WO/46608,Plumbing,REDACTED,REDACTED,T1 Plumbing,$548.60 ,30-Aug-25,,Closed,
145,28-Aug-25,,IM-1-12538840993,WO/46724,Carpentry FF,REDACTED,REDACTED,T1 Carpentry,$186.40 ,14-Sep-25,,Closed,
146,28-Aug-25,,RFS-1-12540137769,WO/46723,Carpentry FF,REDACTED,REDACTED,T1 Carpentry,$35.30 ,,,Rejected,
147,28-Aug-25,,IM-1-12538111565,WO/46720,Carpentry RF,REDACTED,REDACTED,T1 Carpentry,$62.50 ,8-Sep-25,,Approved,
148,28-Aug-25,,RFS-1-12542116195,WO/46717,Carpentry FF,REDACTED,REDACTED,T1 Carpentry,$910.44 ,10-Sep-25,,Closed,
149,28-Aug-25,,RFS-1-12542185244,WO/46683,Masonry,REDACTED,REDACTED,T1 Masonry,$722.10 ,,,Rejected,
150,28-Aug-25,,IM-1-12542034021,WO/46680,Welding & Painting,REDACTED,REDACTED,T1 Painting,$104.40 ,3-Sep-25,,Closed,
151,30-Aug-25,,RFS-1-12540262407,WO/46725,Plumbing,REDACTED,REDACTED,Team 3,$259.00 ,3-Sep-25,,Closed,
152,30-Aug-25,,IM-1-12537420885,WO/46729,Carpentry RF,REDACTED,REDACTED,Team 2 ,$28.00 ,,,Rejected,
153,30-Aug-25,,IM-1-12543165192,WO/46744,Plumbing,REDACTED,REDACTED,T1 Plumbing,$294.50 ,3-Sep-25,,Closed,
154,30-Aug-25,,RFS-1-125381136995,WO/46746,Carpentry FF,REDACTED,REDACTED,T1 Carpentry,$726.62 ,4-Sep-25,,Closed,
155,30-Aug-25,,IM-1-12543891079,WO/46740,Plumbing,REDACTED,REDACTED,T1 Plumbing,$289.50 ,4-Sep-25,,Closed,
156,30-Aug-25,,RFS-12541537748,WO/46727,Plumbing,REDACTED,REDACTED,T1 Plumbing,"$1,640.00 ",8-Sep-25,,Closed,
157,30-Aug-25,,RFS-1-12541538163,WO/46726,Plumbing,REDACTED,REDACTED,T1 Plumbing,$411.30 ,8-Sep-25,,Closed,
158,30-Aug-25,,CT-02407,WO/46742,Masonry,REDACTED,REDACTED,T1 Masonry,"$1,608.50 ",30-Aug-25,,Closed,
159,30-Aug-25,,CT-02408,WO/46747,Plumbing,REDACTED,REDACTED,T1 Plumbing,$281.00 ,30-Aug-25,,Closed,
160,30-Aug-25,,CT-02406,WO/46734,Carpentry FF,REDACTED,REDACTED,T1 Carpentry,$149.36 ,14-Sep-25,,Closed,
161,31-Aug-25,,RFS-1-12538984700,WO/46762,Welding & Painting,REDACTED,REDACTED,Welding,$58.00 ,6-Sep-25,,Closed,
162,31-Aug-25,,RFS-1-12541811728,WO/46759,Carpentry FF,REDACTED,REDACTED,T1 Carpentry,$165.00 ,6-Sep-25,,Closed,
163,31-Aug-25,,RFS-1-12540023734,WO/46764,Carpentry FF,REDACTED,REDACTED,T1 Carpentry,$337.92 ,,,Rejected,
164,31-Aug-25,,RFS-1-12542002736,WO/46763,Welding & Painting,REDACTED,REDACTED,Team 2 ,$958.00 ,6-Sep-25,,Rejected,
165,31-Aug-25,,RFS-1-12540494309,WO/46761,Welding & Painting,REDACTED,REDACTED,Welding,$126.40 ,6-Sep-25,,Closed,
166,31-Aug-25,,: RFS-1-12509786613,WO/45989,Plumbing,REDACTED,REDACTED,T1 Plumbing,"$1,292.00 ",,,Closed,
167,31-Aug-25,,CT-02410,WO/46754,Plumbing,REDACTED,REDACTED,Team 4,$550.34 ,,,Closed,
168,31-Aug-25,,CT-02413,WO/46756,Plumbing,REDACTED,REDACTED,Team 4,$249.50 ,,,Closed,
169,31-Aug-25,,CT-02412,WO/46755,Plumbing,REDACTED,REDACTED,T1 Plumbing,$67.00 ,31-Aug-25,,Closed,
170,31-Aug-25,,CT-02425,WO/46767,Plumbing,REDACTED,REDACTED,T1 Plumbing,$364.50 ,8-Sep-25,,Closed,
171,1-Sep-25,,IM-1-12543890876,WO/46791,Carpentry FF,REDACTED,REDACTED,T1 Carpentry,$56.00 ,6-Sep-25,,Closed,
172,1-Sep-25,,RFS-1-12547865842,WO/46789,Masonry,REDACTED,REDACTED,T1 Masonry,$400.10 ,8-Sep-25,,Closed,
173,1-Sep-25,,RFS-1-12547865969,WO/46788,Masonry,REDACTED,REDACTED,T1 Masonry,$740.10 ,8-Sep-25,,Closed,
174,1-Sep-25,,RFS-1-12548086011,WO/46786,Masonry,REDACTED,REDACTED,T1 Masonry,$313.10 ,10-Sep-25,,Closed,
175,1-Sep-25,,IM-1-12543759117,WO/46785,Welding & Painting,REDACTED,REDACTED,T1 Painting,$205.00 ,6-Sep-25,,Closed,
176,1-Sep-25,,IM-1-12541699349,WO/46781,Carpentry RF,REDACTED,REDACTED,T1 Carpentry,$76.14 ,6-Sep-25,,Approved,
177,1-Sep-25,,IM-1-12546175449,WO/46778,Plumbing,REDACTED,REDACTED,T1 Plumbing,$279.50 ,6-Sep-25,,Closed,
178,1-Sep-25,,IM-1-12546175376,WO/46776,Plumbing,REDACTED,REDACTED,T1 Plumbing,$327.00 ,6-Sep-25,,Closed,
179,1-Sep-25,,IM-1-12543759133,WO/46777,Carpentry RF,REDACTED,REDACTED,T1 Carpentry,$24.00 ,6-Sep-25,,Approved,
180,1-Sep-25,,RFS-1-12540023918,WO/46775,Welding & Painting,REDACTED,REDACTED,T1 Painting,$650.00 ,7-Sep-25,,Closed,
181,1-Sep-25,,IM-1-12521154089,WO/46285,Masonry,REDACTED,REDACTED,Team 2 ,$128.50 ,,,Closed,
182,1-Sep-25,,IM-1-12532238986,WO/46461,Plumbing,REDACTED,REDACTED,Team 4,$165.25 ,,,Closed,
183,1-Sep-25,,IM-1-12537421334,WO/46803,Carpentry RF,REDACTED,REDACTED,T1 Carpentry,$714.00 ,3-Sep-25,,Approved,
184,1-Sep-25,,IM-1-12537421334,WO/46802,Carpentry RF,REDACTED,REDACTED,T1 Carpentry,$$24.00,6-Sep-25,,Approved,
185,1-Sep-25,,RFS-1-12546602782,WO/46799,Carpentry FF,REDACTED,REDACTED,T1 Carpentry,$110.16 ,,,Rejected,
186,1-Sep-25,,IM-1-12547865943,WO/46790,Welding & Painting,REDACTED,REDACTED,T1 Painting,$487.20 ,6-Sep-25,,Closed,
187,1-Sep-25,,RFS-1-12535009300,WO/46780,Welding & Painting,REDACTED,REDACTED,T1 Painting,"$1,373.40 ",8-Sep-25,,Closed,
188,2-Sep-25,,IM-1-12533567629 ,WO/46820,Plumbing,REDACTED,REDACTED,Team 2 ,$927.50 ,,,Closed,
189,2-Sep-25,,RFS-1-12542003123,WO/46823,Carpentry FF,REDACTED,REDACTED,Team 2 ,$145.00 ,6-Sep-25,,Closed,
190,2-Sep-25,,IM-1-12543165167,"WO/46829",Carpentry FF,REDACTED,REDACTED,Team 2 ,$356.86 ,,,Rejected,
191,2-Sep-25,,RFS-1-12542003209,"WO/46830",Carpentry FF,REDACTED,REDACTED,Team 2 ,$356.86 ,6-Sep-25,,Closed,
192,2-Sep-25,,IM-1-12543165344 ,WO/46832,Plumbing,REDACTED,REDACTED,Team 2 ,$452.50 ,6-Sep-25,,Closed,
193,2-Sep-25,, IM-1-12543164495 ,WO/46833,Carpentry RF,REDACTED,REDACTED,Team 2 ,$111.00 ,6-Sep-25,,Closed,
194,2-Sep-25,,IM-1-12542002907 ,WO/46834,Carpentry RF,REDACTED,REDACTED,Team 2 ,$283.31 ,10-Sep-25,,Closed,
195,2-Sep-25,,IM-1-12543231846 ,WO/46836,Carpentry RF,REDACTED,REDACTED,Team 2 ,$2.70 ,8-Sep-25,,Closed,
196,2-Sep-25,, IM-1-12528155377 ,WO/46837,Welding & Painting,REDACTED,REDACTED,Team 2 ,$616.00 ,8-Sep-25,,Closed,
197,2-Sep-25,, IM-1-12543758934 ,WO/46839,Carpentry RF,REDACTED,REDACTED,Team 3,$26.90 ,8-Sep-25,,Approved,
198,2-Sep-25,,IM-1-12547428260,WO/46840,Carpentry RF,REDACTED,REDACTED,Team 3,$24.30 ,10-Sep-25,,Approved,
199,2-Sep-25,,RFS-1-12542003364 ,WO/46826,Carpentry RF,REDACTED,REDACTED,Team 2 ,$73.20 ,,,Rejected,
200,2-Sep-25,,IM-1-12547428012,WO/46842,Carpentry FF,REDACTED,REDACTED,Team 3,$59.30 ,15-Sep-25,,Approved,
201,2-Sep-25,,IM-1-12546013375,WO/46841,Carpentry FF,REDACTED,REDACTED,T1 Carpentry,$600.00 ,8-Sep-25,,Closed,
202,2-Sep-25,,IM-1-12547428218,WO/46818,Welding & Painting,REDACTED,REDACTED,Team 5,"$2,646.00 ",,,Rejected,
203,2-Sep-25,,IM-1-12532578977,WO/46825,Welding & Painting,REDACTED,REDACTED,Team 5,$841.00 ,8-Sep-25,,Closed,
204,2-Sep-25,,RFS-1-12528783587,WO/46814,Carpentry FF,REDACTED,REDACTED,Team 4,"$3,035.40 ",,,Rejected,
205,2-Sep-25,,RFS-1-12549864693,WO/46828,Plumbing,REDACTED,REDACTED,T1 Plumbing,$229.14 ,8-Sep-25,,Closed,
206,2-Sep-25,,RFS-1-12543231747,WO/46835,Masonry,REDACTED,REDACTED,T1 Masonry,$446.66 ,9-Sep-25,,Approved,
207,2-Sep-25,,CT-02451,WO/46845,Plumbing,REDACTED,REDACTED,T1 Plumbing,$279.50 ,8-Sep-25,,Closed,
208,2-Sep-25,,CT-02409,WO/46751,Carpentry RF,REDACTED,REDACTED,T1 Carpentry,$715.56 ,,,Closed,
209,2-Sep-25,,CT-02450,WO/46831,Welding & Painting,REDACTED,REDACTED,T1 Painting,$106.40 ,2-Sep-25,,Closed,
210,2-Sep-25,,CT-02449,WO/46827,Plumbing,REDACTED,REDACTED,T1 Plumbing,$122.00 ,2-Sep-25,,Closed,
211,3-Sep-25,,RFS-1-12546602589,WO/46783,Welding & Painting,REDACTED,REDACTED,T1 Painting,$337.90 ,29-Sep-25,,Closed,
212,3-Sep-25,,RFS-1-12548085851,"WO/46852",Welding & Painting,REDACTED,REDACTED,Welding,$419.70 ,10-Sep-25,,Closed,
213,3-Sep-25,,RFS-1-12540074168,WO/46667,Carpentry FF,REDACTED,REDACTED,T1 Carpentry,$56.00 ,,,Closed,
214,3-Sep-25,,RFS-1-12540023894 ,WO/46856,Masonry,REDACTED,REDACTED,T1 Masonry,$181.50 ,10-Sep-25,,Closed,
215,3-Sep-25,,IM-1-12537421095,WO/46583,Plumbing,REDACTED,REDACTED,T1 Plumbing,$279.50 ,,,Closed,
216,3-Sep-25,,IM-1-12494448473,WO/46335,Welding & Painting,REDACTED,REDACTED,Welding,"$2,590.20 ",3-Sep-25,,Approved,
217,3-Sep-25,,RFS-1-12531228872,WO/46459,Carpentry FF,REDACTED,REDACTED,T1 Carpentry,$259.08 ,11-Sep-25,,Closed,
218,3-Sep-25,,CT-02459,WO/46858,Plumbing,REDACTED,REDACTED,Team 4,$544.56 ,8-Sep-25,,Closed,
219,3-Sep-25,,CT-02456,WO/46855,Plumbing,REDACTED,REDACTED,T1 Plumbing,$279.50 ,,,Closed,
220,3-Sep-25,,IM-1-12547428234,WO/46868,Welding & Painting,REDACTED,REDACTED,Team 5,$309.80 ,8-Sep-25,,Closed,
221,3-Sep-25,,IM-1-12551210054,WO/46869,Plumbing,REDACTED,REDACTED,T1 Plumbing,$304.50 ,8-Sep-25,,Closed,
222,3-Sep-25,,RFS-1-12552373518,WO/46871,Plumbing,REDACTED,REDACTED,T1 Plumbing,$259.50 ,8-Sep-25,,Closed,
223,3-Sep-25,, IM-1-12551411273,WO/46874,Masonry,REDACTED,REDACTED,Team 4,"$3,800.00 ",3-Sep-25,,Approved,
224,3-Sep-25,,IM-1-125412572515,WO/46860,Carpentry FF,REDACTED,REDACTED,T1 Carpentry,"$1,413.42 ",8-Sep-25,,Closed,
225,5-Sep-25,,CT-02462,"WO/46876",Welding & Painting,REDACTED,REDACTED,T1 Painting,$684.00 ,8-Sep-25,,Closed,
226,5-Sep-25,,IM-1-12554333019,"WO/46875
",Plumbing,REDACTED,REDACTED,T1 Plumbing,$259.50 ,8-Sep-25,,Closed,
227,5-Sep-25,,IM-1-12538841172,WO/46877,Carpentry FF,REDACTED,REDACTED,T1 Carpentry,$113.66 ,8-Sep-25,,Closed,
228,6-Sep-25,,IM-1-12555263644,WO/46885,Carpentry FF,REDACTED,REDACTED,T1 Carpentry,$44.25 ,8-Sep-25,,Closed,
229,6-Sep-25,,IM-1-12560200519,WO/46893,Plumbing,REDACTED,REDACTED,T1 Plumbing,$315.50 ,8-Sep-25,,Closed,
230,6-Sep-25,,IM-1-12555177139,WO/46890,Plumbing,REDACTED,REDACTED,T1 Plumbing,$138.50 ,8-Sep-25,,Closed,
231,6-Sep-25,,IM-1-12551711364,WO/46892,Welding & Painting,REDACTED,REDACTED,T1 Painting,$153.80 ,8-Sep-25,,Closed,
232,6-Sep-25,,CT-02472,WO/46896,Plumbing,REDACTED,REDACTED,T1 Plumbing,$259.50 ,8-Sep-25,,Closed,
233,6-Sep-25,,CT-02466,WO/46880,Masonry,REDACTED,REDACTED,T1 Masonry,"$1,250.30 ",8-Sep-25,,Approved,
234,7-Sep-25,,IM-1-12554122541,WO/46904,Carpentry FF,REDACTED,REDACTED,T1 Carpentry,$535.52 ,11-Sep-25,,Closed,
235,7-Sep-25,,IM-1-12533567522,WO/46913,Plumbing,REDACTED,REDACTED,T1 Plumbing,$81.50 ,11-Sep-25,,Closed,
236,7-Sep-25,,RFS-1-12535112818,WO/46899,Carpentry FF,REDACTED,REDACTED,T1 Carpentry,$331.56 ,11-Sep-25,,Closed,
237,7-Sep-25,,RFS-1-12534190753,WO/46900,Carpentry FF,REDACTED,REDACTED,T1 Carpentry,$584.88 ,18-Sep-25,,Closed,
238,7-Sep-25,,RFS-1-12521343050,WO/46901,Carpentry FF,REDACTED,REDACTED,T1 Carpentry,$301.56 ,11-Sep-25,,Closed,
239,7-Sep-25,,RFS-1-12535185730,WO/46903,Carpentry FF,REDACTED,REDACTED,T1 Carpentry,$106.14 ,11-Sep-25,,Closed,
240,7-Sep-25,,RFS-1-12555177358,WO/46907,Plumbing,REDACTED,REDACTED,T1 Masonry,$80.50 ,18-Sep-25,,Approved,
241,7-Sep-25,,IM-1-12553623124,WO/46908,Carpentry RF,REDACTED,REDACTED,T1 Carpentry,"$1,025.64 ",11-Sep-25,,Approved,
242,7-Sep-25,,IM-1-12549739124,WO/46911,Welding & Painting,REDACTED,REDACTED,T1 Painting,"$2,468.40 ",,,Rejected,
243,7-Sep-25,,IM-1-12549712157,WO/46910,Welding & Painting,REDACTED,REDACTED,T1 Painting,"$3,111.00 ",,,Rejected,
244,7-Sep-25,,RFS-1-12552219443,WO/46916,Plumbing,REDACTED,REDACTED,T1 Plumbing,$259.50 ,,,Closed,
245,7-Sep-25,,CT-02488,WO/46932,Plumbing,REDACTED,REDACTED,T1 Plumbing,$368.00 ,11-Sep-25,,Closed,
246,7-Sep-25,,IM-1-12552219349,WO/46968,Welding & Painting,REDACTED,REDACTED,Team 3,$485.10 ,11-Sep-25,,Closed,
247,7-Sep-25,,CT-02476,WO/46912,Carpentry RF,REDACTED,REDACTED,Team 3,$0.00 ,8-Sep-25,,Closed,
248,8-Sep-25,,IM-1-12550432827,WO/46953,Plumbing,REDACTED,REDACTED,T1 Plumbing,$269.00 ,11-Sep-25,,Closed,
249,8-Sep-25,,IM-1-12561650629,WO/46943,Carpentry FF,REDACTED,REDACTED,T1 Carpentry,$901.50 ,15-Sep-25,,Closed,
250,8-Sep-25,,CT-02495,WO/46956,Plumbing,REDACTED,REDACTED,T1 Plumbing,$437.88 ,11-Sep-25,,Closed,
251,8-Sep-25,,CT-02496,WO/46957,Plumbing,REDACTED,REDACTED,Team 4,$18.40 ,11-Sep-25,,Closed,
252,8-Sep-25,,IM-1-12561292240,WO/46938,Welding & Painting,REDACTED,REDACTED,T1 Painting,$62.40 ,11-Sep-25,,Closed,
253,8-Sep-25,,IM-1-12551410682,WO/46939,Welding & Painting,REDACTED,REDACTED,Welding,$224.00 ,,,Closed,
254,8-Sep-25,,IM-1-12538634926,WO/46942,Masonry,REDACTED,REDACTED,T1 Masonry,$446.16 ,11-Sep-25,,Approved,
255,8-Sep-25,,RFS-1-12466842462,WO/46945,Plumbing,REDACTED,REDACTED,Team 4,$139.50 ,11-Sep-25,,Closed,
256,8-Sep-25,,IM-1-12509691482,WO/46946,Carpentry FF,REDACTED,REDACTED,Team 4,$160.00 ,11-Sep-25,,Closed,
257,8-Sep-25,,IM-1-12503467730,WO/46947,Plumbing,REDACTED,REDACTED,Team 4,$317.30 ,11-Sep-25,,Closed,
258,8-Sep-25,,RFS-1-12471221163,WO/46948,Plumbing,REDACTED,REDACTED,Team 4,$206.75 ,11-Sep-25,,Closed,
259,8-Sep-25,,IM-1-12528888188,WO/46949,Plumbing,REDACTED,REDACTED,Team 4,$112.50 ,11-Sep-25,,Closed,
260,8-Sep-25,,IM-1-12557644177,WO/46950,Plumbing,REDACTED,REDACTED,T1 Plumbing,$28.50 ,11-Sep-25,,Closed,
261,8-Sep-25,,IM-1-12561650552,WO/46954,Carpentry FF,REDACTED,REDACTED,T1 Carpentry,$7.20 ,11-Sep-25,,Closed,
262,8-Sep-25,,IM-1-12555176843,WO/46955,Carpentry FF,REDACTED,REDACTED,T1 Carpentry,$19.38 ,11-Sep-25,,Closed,
263,8-Sep-25,,RFS-1-12559661139,WO/46952,Carpentry FF,REDACTED,REDACTED,T1 Carpentry,$46.45 ,11-Sep-25,,Closed,
264,8-Sep-25,,CT-02506,WO/46963,Plumbing,REDACTED,REDACTED,T1 Plumbing,$294.50 ,11-Sep-25,,Closed,
265,9-Sep-25,,IM-1-12538112409,WO/46940,Welding & Painting,REDACTED,REDACTED,Welding,$220.00 ,11-Sep-25,,Closed,
266,9-Sep-25,,RFS-1-12561694707,WO/46981,Carpentry FF,REDACTED,REDACTED,Team 4,$477.12 ,11-Sep-25,,Closed,
267,9-Sep-25,,RFS-1-12560113967,WO/46980,Carpentry FF,REDACTED,REDACTED,T1 Carpentry,$122.64 ,11-Sep-25,,Closed,
268,9-Sep-25,,IM-1-12557669839,WO/46973,Carpentry RF,REDACTED,REDACTED,T1 Carpentry,$195.28 ,11-Sep-25,,Approved,
269,9-Sep-25,,RFS-1-12562131014,WO/46974,Plumbing,REDACTED,REDACTED,T1 Plumbing,$199.50 ,11-Sep-25,,Closed,
270,9-Sep-25,,IM-1-12562559021,WO/46975,Welding & Painting,REDACTED,REDACTED,T1 Painting,$614.60 ,11-Sep-25,,Closed,
271,9-Sep-25,,RFS-1-12535112818,WO/46977,Welding & Painting,REDACTED,REDACTED,T1 Painting,$83.70 ,,,Rejected,
272,9-Sep-25,,CT-02513,WO/46970,Plumbing,REDACTED,REDACTED,Team 4,$538.28 ,11-Sep-25,,Closed,
273,10-Sep-25,,IM-1-12525190626,WO/47002,Welding & Painting,REDACTED,REDACTED,Team 2 ,$214.00 ,16-Sep-25,,Closed,
274,10-Sep-25,,IM-1-12542003042 ,WO/47003,Welding & Painting,REDACTED,REDACTED,Team 2 ,$500.00 ,16-Sep-25,,Closed,
275,10-Sep-25,,IM-1-12551640218,"WO/47004",Plumbing,REDACTED,REDACTED,Team 2 ,$663.75 ,16-Sep-25,,Closed,
276,10-Sep-25,,RFS-1-12562254489,WO/47006,Carpentry FF,REDACTED,REDACTED,Team 2 ,$396.18 ,16-Sep-25,,Closed,
277,10-Sep-25,,RFS-1-12540494153,WO/46995,Plumbing,REDACTED,REDACTED,Team 4,$199.50 ,17-Sep-25,,Closed,
278,10-Sep-25,,IM-1-12561266143,WO/46997,Plumbing,REDACTED,REDACTED,Team 4,$80.65 ,17-Sep-25,,Closed,
279,10-Sep-25,,IM-1-12532289261,WO/46993,Plumbing,REDACTED,REDACTED,Team 4,$162.50 ,17-Sep-25,,Closed,
280,10-Sep-25,,RFS-1-12465093166,WO/46991,Plumbing,REDACTED,REDACTED,Team 4,$169.25 ,17-Sep-25,,Closed,
281,10-Sep-25,,IM-1-12554332520,WO/46988,Carpentry FF,REDACTED,REDACTED,Team 4,$16.00 ,17-Sep-25,,Closed,
282,10-Sep-25,,RFS-1-12552373975,WO/46989,Carpentry FF,REDACTED,REDACTED,Team 4,$12.00 ,,,Rejected,
283,10-Sep-25,,RFS-1-12552374445,WO/46984,Welding & Painting,REDACTED,REDACTED,Team 4,$515.80 ,17-Sep-25,,Approved,
284,10-Sep-25,,IM-1-12538112101,WO/46994,Plumbing,REDACTED,REDACTED,Team 4,$168.75 ,17-Sep-25,,Closed,
285,10-Sep-25,,IM-1-12543231682,WO/46992,Plumbing,REDACTED,REDACTED,Team 4,$161.50 ,17-Sep-25,,Closed,
286,10-Sep-25,,IM-1-12546013317,WO/46996,Plumbing,REDACTED,REDACTED,Team 4,$98.50 ,17-Sep-25,,Closed,
287,10-Sep-25,,RFS-12563846616,WO/47000,Carpentry FF,REDACTED,REDACTED,T1 Carpentry,$174.48 ,17-Sep-25,,Closed,
288,10-Sep-25,,IM-1-12503467935,WO/46999,Masonry,REDACTED,REDACTED,Team 4,$291.60 ,15-Sep-25,,Closed,
289,10-Sep-25,,IM-1-12563324806,WO/47007,Welding & Painting,REDACTED,REDACTED,T1 Painting,$344.80 ,,,Rejected,
290,10-Sep-25,,IM-1-12562203781,WO/47001,Carpentry RF,REDACTED,REDACTED,T1 Carpentry,$616.20 ,18-Sep-25,,Closed,
291,10-Sep-25,,RFS-1-12560113927,WO/47005,Plumbing,REDACTED,REDACTED,T1 Plumbing,$410.75 ,,,Rejected,
292,11-Sep-25,,CT-02536,WO/47014,Plumbing,REDACTED,REDACTED,T1 Plumbing,$538.78 ,14-Sep-25,,Closed,
293,11-Sep-25,,RFS-1-12563773933,WO/47017,Carpentry FF,REDACTED,REDACTED,T1 Carpentry,$56.00 ,16-Sep-25,,Closed,
294,11-Sep-25,,IM-1-12563324523,WO/47021,Welding & Painting,REDACTED,REDACTED,Team 4,$278.70 ,16-Sep-25,,Approved,
295,11-Sep-25,,RFS-1-12562038906,WO/47020,Welding & Painting,REDACTED,REDACTED,Team 4,$684.40 ,16-Sep-25,,Approved,
296,11-Sep-25,,IM-1-12541699349,WO/47019,Masonry,REDACTED,REDACTED,T1 Masonry,$550.00 ,16-Sep-25,,Closed,
297,11-Sep-25,,IM-1-12564589522,WO/47031,Plumbing,REDACTED,REDACTED,T1 Plumbing,"$1,565.50 ",15-Sep-25,,Approved,
298,11-Sep-25,,IM-1-12532337521,WO/47030,Plumbing,REDACTED,REDACTED,T1 Plumbing,$98.50 ,16-Sep-25,,Approved,
299,11-Sep-25,,RFS-1-12564590313,WO/47032,Plumbing,REDACTED,REDACTED,T1 Plumbing,$323.00 ,15-Sep-25,,Closed,
300,11-Sep-25,,IM-1-12543165167,WO/47036,Plumbing,REDACTED,REDACTED,Team 2 ,$87.70 ,17-Sep-25,,Closed,
301,11-Sep-25,,IM-1-12549972010 ,WO/47025,Plumbing,REDACTED,REDACTED,Team 2 ,"$2,908.45 ",,,Rejected,
302,11-Sep-25,,IM-1-12561572514 ,WO/47034,Carpentry RF,REDACTED,REDACTED,Team 2 ,$638.40 ,18-Sep-25,,Closed,
303,11-Sep-25,,RFS-1-12562254864,WO/47033,Carpentry FF,REDACTED,REDACTED,Team 2 ,$59.64 ,17-Sep-25,,Closed,
304,11-Sep-25,,IM-1-12562586537,WO/47037,Carpentry RF,REDACTED,REDACTED,T1 Carpentry,$408.06 ,16-Sep-25,,Closed,
305,11-Sep-25,,CT-02548,WO/47035,Plumbing,REDACTED,REDACTED,T1 Plumbing,$294.50 ,16-Sep-25,,Closed,
306,11-Sep-25,,CT-02553,WO/47045,Welding & Painting,REDACTED,REDACTED,T1 Painting,$99.30 ,17-Sep-25,,Closed,
307,11-Sep-25,,CT-02537,WO/47015,Masonry,REDACTED,REDACTED,T1 Masonry,$120.00 ,16-Sep-25,,Closed,
308,11-Sep-25,,CT-02150,WO/47022,Carpentry FF,REDACTED,REDACTED,Team 5,$37.40 ,17-Sep-25,,Closed,
309,11-Sep-25,,CT-02541,WO/47023,Carpentry FF,REDACTED,REDACTED,T1 Carpentry,$447.50 ,11-Sep-25,,Closed,
310,11-Sep-25,,CT-02552,WO/47039,Carpentry FF,REDACTED,REDACTED,T1 Carpentry,$443.00 ,11-Sep-25,,Closed,
311,11-Sep-25,,CT02553,WO/47040,Carpentry FF,REDACTED,REDACTED,T1 Carpentry,$447.50 ,11-Sep-25,,Closed,
312,11-Sep-25,,CT-02554,WO/47042,Carpentry FF,REDACTED,REDACTED,T1 Carpentry,$890.40 ,11-Sep-25,,Closed,
313,13-Sep-25,,RFS-1-12564589767,WO/47048,Welding & Painting,REDACTED,REDACTED,Team 2 ,$452.00 ,,,Rejected,
314,13-Sep-25,,IM-1-12564589647 ,WO/47050,Plumbing,REDACTED,REDACTED,Team 2 ,$883.36 ,15-Sep-25,,Closed,
315,13-Sep-25,,: IM-1-12561292408,"WO/47051",Welding & Painting,REDACTED,REDACTED,Team 2 ,$250.00 ,16-Sep-25,,Closed,
316,13-Sep-25,,IM-1-12565167930,WO/47077,Carpentry FF,REDACTED,REDACTED,T1 Carpentry,$45.00 ,14-Sep-25,,Closed,
317,13-Sep-25,,IM-1-12547427906,WO/47052,Plumbing,REDACTED,REDACTED,Team 3,"$1,398.06 ",15-Sep-25,,Closed,
318,13-Sep-25,,IM-1-12551410872,WO/47053,Plumbing,REDACTED,REDACTED,Team 3,$165.00 ,16-Sep-25,,Closed,
319,13-Sep-25,,RFS-1-12562254804,WO/47061,Carpentry FF,REDACTED,REDACTED,T1 Carpentry,$104.64 ,15-Sep-25,,Closed,
320,13-Sep-25,,IM-1-12551640066 ,"WO/47054",Masonry,REDACTED,REDACTED,Team 3,$190.00 ,16-Sep-25,,Closed,
321,13-Sep-25,,IM-1-12563324751,WO/47055,Carpentry RF,REDACTED,REDACTED,T1 Carpentry,$61.10 ,16-Sep-25,,Approved,
322,13-Sep-25,,IM-1-12561573411,WO/47075,Carpentry FF,REDACTED,REDACTED,Team 4,$209.00 ,15-Sep-25,,Closed,
323,13-Sep-25,, IM-1-12547865680,WO/47056,Plumbing,REDACTED,REDACTED,Team 5,$46.75 ,16-Sep-25,,Closed,
324,13-Sep-25,,IM-1-12563499510,WO/47074,Carpentry FF,REDACTED,REDACTED,Team 4,$685.20 ,16-Sep-25,,Approved,
325,13-Sep-25,,IM-1-12563456538,"WO/47057",Plumbing,REDACTED,REDACTED,Team 5,$936.30 ,18-Sep-25,,Closed,
326,13-Sep-25,,RFS-1-12561266242,WO/47072,Carpentry FF,REDACTED,REDACTED,Team 4,$955.08 ,17-Sep-25,,Approved,
327,13-Sep-25,,IM-1-12563456614 ,WO/47058,Plumbing,REDACTED,REDACTED,Team 5,$492.00 ,16-Sep-25,,Closed,
328,13-Sep-25,,IM-1-12563457455 ,WO/47059,Plumbing,REDACTED,REDACTED,Team 5,$312.10 ,16-Sep-25,,Closed,
329,13-Sep-25,,IM-1-12563773983 ,WO/47060,Plumbing,REDACTED,REDACTED,Team 5,$144.20 ,16-Sep-25,,Closed,
330,13-Sep-25,,RFS-1-12563457309,WO/47068,Masonry,REDACTED,REDACTED,T1 Masonry,"$1,272.30 ",16-Sep-25,,Closed,
331,13-Sep-25,,IM-1-12562660270,WO/47071,Plumbing,REDACTED,REDACTED,T1 Plumbing,$29.90 ,16-Sep-25,,Approved,
332,13-Sep-25,,IM-1-12530378590 ,WO/47073,Welding & Painting,REDACTED,REDACTED,Welding,$210.40 ,16-Sep-25,,Closed,
333,13-Sep-25,,IM-1-12562760907,WO/47069,Carpentry RF,REDACTED,REDACTED,Team 4,$328.74 ,15-Sep-25,,Approved,
334,13-Sep-25,,IM-1-12563536078,WO/47067,Carpentry RF,REDACTED,REDACTED,Team 4,$140.32 ,15-Sep-25,,Closed,
335,13-Sep-25,,RFS-1-12561266293,WO/47066,Carpentry FF,REDACTED,REDACTED,Team 4,$121.08 ,15-Sep-25,,Approved,
336,13-Sep-25,,IM-1-12564961577,WO/47065,Carpentry FF,REDACTED,REDACTED,Team 4,$283.82 ,15-Sep-25,,Closed,
337,13-Sep-25,,RFS-1-12561226799,WO/47064,Carpentry RF,REDACTED,REDACTED,Team 4,$84.90 ,23-Sep-25,,Approved,
338,13-Sep-25,,RFS-1-12562760781,WO/47063,Carpentry RF,REDACTED,REDACTED,Team 4,$326.04 ,,,Rejected,
339,13-Sep-25,,RFS-1-12563346283,WO/47085,Carpentry FF,REDACTED,REDACTED,Team 5,$440.00 ,18-Sep-25,,Closed,
340,13-Sep-25,,IM-1-12562203660,WO/47083,Masonry,REDACTED,REDACTED,T1 Masonry,$590.16 ,15-Sep-25,,Approved,
341,13-Sep-25,,CT-02563,WO/47092,Plumbing,REDACTED,REDACTED,T1 Plumbing,$259.50 ,18-Sep-25,,Closed,
342,13-Sep-25,,IM-1-12421803857,WO/44274,Carpentry RF,REDACTED,REDACTED,Team 3,$47.22 ,15-Sep-25,,Approved,
343,13-Sep-25,,IM-1-12564780373,WO/47049,Plumbing,REDACTED,REDACTED,Team 2 ,$636.00 ,16-Sep-25,,Closed,
344,13-Sep-25,,CT-02556,WO/47087,Carpentry RF,REDACTED,REDACTED,T1 Carpentry,$223.80 ,13-Sep-25,,Closed,
345,13-Sep-25,,CT-02560,WO/47089,Welding & Painting,REDACTED,REDACTED,T1 Painting,$722.00 ,13-Sep-25,,Closed,
346,13-Sep-25,,IM-12563500107,WO/47062,Carpentry RF,REDACTED,REDACTED,T1 Carpentry,$486.96 ,21-Sep-25,,Approved,
347,14-Sep-25,,IM-1-12542002871,WO/46838,Welding & Painting,REDACTED,REDACTED,Team 2 ,"$1,325.50 ",15-Sep-25,,Closed,
348,14-Sep-25,,IM-1-12563391960,WO/47100,Plumbing,REDACTED,REDACTED,Team 4,$100.50 ,15-Sep-25,,Closed,
349,14-Sep-25,,RFS-1-12563847187,WO/47110,Welding & Painting,REDACTED,REDACTED,Welding,$690.50 ,14-Sep-25,,Closed,
350,14-Sep-25,,IM-1-12565886147,WO/47113,Welding & Painting,REDACTED,REDACTED,T1 Painting,$399.90 ,15-Sep-25,,Closed,
351,14-Sep-25,,RFS-1-12563499647,WO/47117,Carpentry RF,REDACTED,REDACTED,T1 Carpentry,$402.98 ,,,Rejected,
352,14-Sep-25,,RFS-1-12548085899,WO/47115,Carpentry FF,REDACTED,REDACTED,T1 Carpentry,$99.70 ,15-Sep-25,,Approved,
353,14-Sep-25,,CT-02568,WO/47111,Plumbing,REDACTED,REDACTED,T1 Plumbing,$122.50 ,15-Sep-25,,Closed,
354,14-Sep-25,,RFS-1-12561266117,WO/47096,Carpentry RF,REDACTED,REDACTED,Team 4,$433.92 ,18-Sep-25,,Approved,
355,15-Sep-25,,RFS-1-12569162927,WO/47122,Plumbing,REDACTED,REDACTED,T1 Plumbing,$364.50 ,15-Sep-25,,Closed,
356,15-Sep-25,,RFS-1-12569022928,WO/47124,Plumbing,REDACTED,REDACTED,T1 Plumbing,$364.50 ,16-Sep-25,,Closed,
357,15-Sep-25,,RFS-1-12569162577,WO/47126,Plumbing,REDACTED,REDACTED,T1 Plumbing,$218.40 ,15-Sep-25,,Closed,
358,15-Sep-25,,IM-1-12562760671,WO/47133,Plumbing,REDACTED,REDACTED,T1 Plumbing,$352.50 ,17-Sep-25,,Closed,
359,15-Sep-25,,IM-1-12568202277,WO/47132,Plumbing,REDACTED,REDACTED,T1 Plumbing,$279.50 ,17-Sep-25,,Closed,
360,15-Sep-25,,IM-1-12517401222,WO/47141,Masonry,REDACTED,REDACTED,Team 4,$618.00 ,17-Sep-25,,Approved,
361,15-Sep-25,,IM-1-12569162732,WO/47143,Masonry,REDACTED,REDACTED,T1 Masonry,$144.50 ,17-Sep-25,,Closed,
362,15-Sep-25,,IM-1-12568572772,WO/47142,Welding & Painting,REDACTED,REDACTED,T1 Painting,$77.20 ,17-Sep-25,,Closed,
363,15-Sep-25,,RFS-1-12563095407,WO/47152,Welding & Painting,REDACTED,REDACTED,Welding,$858.00 ,18-Sep-25,,Closed,
364,15-Sep-25,,IM-1-12565235613,WO/47154,Carpentry RF,REDACTED,REDACTED,Team 4,$251.64 ,17-Sep-25,,Closed,
365,16-Sep-25,,IM-1-12569107912,WO/47159,Carpentry RF,REDACTED,REDACTED,Team 2 ,$828.60 ,17-Sep-25,,Closed,
366,16-Sep-25,,RFS-1-12569023420,WO/47160,Carpentry FF,REDACTED,REDACTED,,$532.00 ,17-Sep-25,,Closed,
367,16-Sep-25,,IM-1-12568264365,WO/47155,Plumbing,REDACTED,REDACTED,Team 4,$40.00 ,17-Sep-25,,Closed,
368,16-Sep-25,,IM-1-12568201760,WO/47147,Plumbing,REDACTED,REDACTED,T1 Plumbing,$347.00 ,17-Sep-25,,Closed,
369,16-Sep-25,,IM-1-12466275854,WO/47150,Masonry,REDACTED,REDACTED,T1 Carpentry,"$1,332.40 ",21-Sep-25,,Closed,
370,16-Sep-25,,IM-1-12569847940,WO/47151,Carpentry FF,REDACTED,REDACTED,T1 Carpentry,$60.00 ,17-Sep-25,,Closed,
371,16-Sep-25,,IM-1-12569792977,WO/47164,Welding & Painting,REDACTED,REDACTED,T1 Painting,$194.40 ,17-Sep-25,,Closed,
372,16-Sep-25,,IM-1-12569107987,WO/47165,Masonry,REDACTED,REDACTED,T1 Masonry,$840.00 ,21-Sep-25,,Closed,
373,16-Sep-25,,RFS-1-12566258884,WO/47166,Carpentry FF,REDACTED,REDACTED,T1 Carpentry,$74.40 ,17-Sep-25,,Closed,
374,16-Sep-25,,CT-02569,WO/47145,Carpentry FF,REDACTED,REDACTED,Team 4,$117.25 ,16-Sep-25,,Closed,
375,17-Sep-25,,IM-1-12563581518,WO/47070,Carpentry FF,REDACTED,REDACTED,Team 4,$117.20 ,18-Sep-25,,Closed,
376,17-Sep-25,, CT-02587 ,WO/47176,Plumbing,REDACTED,REDACTED,Team 2 ,$592.03 ,17-Sep-25,,Closed,
377,17-Sep-25,,CT-02586,WO/47173,Plumbing,REDACTED,REDACTED,T1 Plumbing,$338.50 ,18-Sep-25,,Closed,
378,17-Sep-25,,RFS-1-12570064377 ,WO/47177,Plumbing,REDACTED,REDACTED,Team 2 ,$315.00 ,17-Sep-25,,Closed,
379,17-Sep-25,,IM-1-12569745524 ,WO/47178,Carpentry RF,REDACTED,REDACTED,Team 2 ,$71.10 ,22-Sep-25,,Closed,
380,17-Sep-25,,RFS-1-12569162830,WO/47180,Carpentry FF,REDACTED,REDACTED,Team 2 ,$379.96 ,18-Sep-25,,Rejected,
381,17-Sep-25,,CT-02567,"WO/47186",Masonry,REDACTED,REDACTED,Team 3,$97.50 ,17-Sep-25,,Closed,
382,17-Sep-25,,IM-1-12528888398,WO/47144,Plumbing,REDACTED,REDACTED,T1 Plumbing,$452.50 ,17-Sep-25,,Closed,
383,17-Sep-25,,IM-1-12565885722,WO/47189,Plumbing,REDACTED,REDACTED,T1 Carpentry,$970.50 ,18-Sep-25,,Closed,
384,17-Sep-25,,RFS-1-12562087449 ,"WO/47190",Carpentry FF,REDACTED,REDACTED,Team 5,$82.74 ,25-Sep-25,,Closed,
385,17-Sep-25,,CT-02592 ,WO/47193,Plumbing,REDACTED,REDACTED,T1 Plumbing,$364.50 ,21-Sep-25,,Closed,
386,17-Sep-25,,CT-02593,WO/47194,Plumbing,REDACTED,REDACTED,Team 3,$557.00 ,18-Sep-25,,Closed,
387,17-Sep-25,,RFS-1-12571446333,WO/47195,Carpentry FF,REDACTED,REDACTED,T1 Carpentry,$113.28 ,21-Sep-25,,Closed,
388,17-Sep-25,,RFS-1-12571446295,WO/47196,Plumbing,REDACTED,REDACTED,T1 Plumbing,$304.50 ,21-Sep-25,,Closed,
389,17-Sep-25,,IM-1-12569955121,WO/47198,Masonry,REDACTED,REDACTED,T1 Masonry,$288.50 ,21-Sep-25,,Closed,
390,17-Sep-25,,IM-1-12569654172,WO/47199,Welding & Painting,REDACTED,REDACTED,T1 Painting,$178.40 ,21-Sep-25,,Closed,
391,17-Sep-25,,RFS-1-1256110617,WO//47200,Welding & Painting,REDACTED,REDACTED,T1 Painting,$62.40 ,21-Sep-25,,Rejected,
392,17-Sep-25,,RFS-1-12569162531,WO/47191,Plumbing,REDACTED,REDACTED,Team 5,$993.90 ,21-Sep-25,,Closed,
393,18-Sep-25,,CT-02595,WO/47202,Welding & Painting,REDACTED,REDACTED,Welding,$692.00 ,18-Sep-25,,Closed,
394,18-Sep-25,,IM-1-12562760973,WO/47206,Welding & Painting,REDACTED,REDACTED,Welding,"$3,563.00 ",22-Sep-25,,Closed,
395,18-Sep-25,,RFS-1-12571239604,WO/47207,Welding & Painting,REDACTED,REDACTED,Team 4,$198.30 ,22-Sep-25,,Closed,
396,18-Sep-25,,IM-1-12569107782,WO/47208,Carpentry FF,REDACTED,REDACTED,Team 4,$175.84 ,22-Sep-25,,Closed,
397,18-Sep-25,,RFS-1-12570390768,WO/47209,Carpentry FF,REDACTED,REDACTED,Team 4,$280.22 ,22-Sep-25,,Closed,
398,18-Sep-25,,RFS-1-12569162682,WO/47204,Plumbing,REDACTED,REDACTED,T1 Plumbing,$281.00 ,22-Sep-25,,Closed,
399,18-Sep-25,,RFS-1-12520780818,WO/47205,Plumbing,REDACTED,REDACTED,T1 Plumbing,$990.05 ,21-Sep-25,,Closed,
400,18-Sep-25,,IM-1-12573243602,WO/47216,Plumbing,REDACTED,REDACTED,T1 Plumbing,$367.28 ,21-Sep-25,,Closed,
401,18-Sep-25,,RFS-1-12569163199 ,WO/47217,Welding & Painting,REDACTED,REDACTED,Team 5,$402.30 ,21-Sep-25,,Closed,
402,18-Sep-25,,RFS-1-12569162535,"WO/47218",Carpentry RF,REDACTED,REDACTED,Team 5,$12.00 ,21-Sep-25,,Approved,
403,18-Sep-25,,IM-1-12574115759,WO/47221,Welding & Painting,REDACTED,REDACTED,T1 Painting,$566.20 ,23-Sep-25,,Closed,
404,18-Sep-25,,IM-1-12574796037,WO/47223,Welding & Painting,REDACTED,REDACTED,T1 Painting,$250.30 ,22-Sep-25,,Closed,
405,18-Sep-25,,IM-1-12569746008,WO/47219,Masonry,REDACTED,REDACTED,T1 Masonry,$325.00 ,22-Sep-25,,Closed,
406,18-Sep-25,,IM-1-12573358297,WO/47220,Welding & Painting,REDACTED,REDACTED,T1 Painting,$245.40 ,22-Sep-25,,Closed,
407,18-Sep-25,,IM-1-12574115885,WO/47226,Plumbing,REDACTED,REDACTED,T1 Plumbing,$818.75 ,22-Sep-25,,Closed,
408,18-Sep-25,,3,WO/47222,Welding & Painting,REDACTED,REDACTED,Welding,"$2,493.90 ",18-Sep-25,,Closed,
409,18-Sep-25,,RFS-1-12569163177,WO/47215,Welding & Painting,REDACTED,REDACTED,Team 5,$595.73 ,21-Sep-25,,Approved,
410,20-Sep-25,,IM-1-12571823864,WO/47239,Welding & Painting,REDACTED,REDACTED,T1 Painting,$128.86 ,22-Sep-25,,Closed,
411,20-Sep-25,,IM-1-12559660936,WO/47237,Plumbing,REDACTED,REDACTED,T1 Plumbing,$295.66 ,22-Sep-25,,Closed,
412,20-Sep-25,,IM-1-12573457115,WO/47238,Welding & Painting,REDACTED,REDACTED,T1 Painting,$85.90 ,22-Sep-25,,Closed,
413,20-Sep-25,,IM-1-1256108802,WO/47235,Plumbing,REDACTED,REDACTED,T1 Plumbing,$747.40 ,22-Sep-25,,Closed,
414,20-Sep-25,,IM-1-12575582549,WO/47236,Carpentry FF,REDACTED,REDACTED,T1 Carpentry,$135.39 ,22-Sep-25,,Closed,
415,20-Sep-25,,RFS-1-12569162969 ,"WO/47230",Plumbing,REDACTED,REDACTED,T1 Plumbing,$170.80 ,22-Sep-25,,Approved,
416,20-Sep-25,,RFS-1-12563698959,WO/47247,Masonry,REDACTED,REDACTED,Team 2 ,$460.00 ,,,Rejected,
417,20-Sep-25,,IM-1-12573895558 ,WO/47246,Carpentry FF,REDACTED,REDACTED,Team 2 ,$304.32 ,22-Sep-25,,Closed,
418,20-Sep-25,,RFS-1-12571982621,WO/47245,Carpentry FF,REDACTED,REDACTED,Team 2 ,$411.60 ,,,Rejected,
419,20-Sep-25,,RFS-1-12520780818 ,"WO/47205
",Plumbing,REDACTED,REDACTED,T1 Plumbing,$990.05 ,,,Approved,
420,21-Sep-25,,RFS-1-12571239599,WO/47267,Plumbing,REDACTED,REDACTED,T1 Plumbing,$364.50 ,23-Sep-25,,Closed,
421,21-Sep-25,,IM-12573182344,WO/47268,Welding & Painting,REDACTED,REDACTED,T1 Painting,$98.20 ,25-Sep-25,,Approved,
422,21-Sep-25,,RFS-1-12569023079,WO/47270,Masonry,REDACTED,REDACTED,T1 Masonry,$138.50 ,23-Sep-25,,Closed,
423,21-Sep-25,,IM-1-12573298178,WO/47271,Masonry,REDACTED,REDACTED,T1 Masonry,$606.70 ,23-Sep-25,,Closed,
424,21-Sep-25,,IM-1-12410024565,WO/47254,Carpentry RF,REDACTED,REDACTED,T1 Carpentry,$474.60 ,25-Sep-25,,Closed,
425,21-Sep-25,,RFS-1-12532044997,WO/47256,Welding & Painting,REDACTED,REDACTED,Welding,$278.50 ,23-Sep-25,,Closed,
426,21-Sep-25,,IM-1-12574115651,WO/47272,Welding & Painting,REDACTED,REDACTED,T1 Painting,"$1,614.90 ",23-Sep-25,,Closed,
427,22-Sep-25,,RFS-1-12571901512,WO/47282,Carpentry FF,REDACTED,REDACTED,T1 Carpentry,$226.08 ,25-Sep-25,,Closed,
428,22-Sep-25,,CT-02620,WO/47250,Plumbing,REDACTED,REDACTED,Team 4,$443.56 ,23-Sep-25,,Approved,
429,22-Sep-25,,CT-02636,WO/47274,Plumbing,REDACTED,REDACTED,Team 3,$186.50 ,23-Sep-25,,Approved,
430,22-Sep-25,,RFS-1-12570223000,WO/47289,Welding & Painting,REDACTED,REDACTED,Team 2 ,$547.90 ,23-Sep-25,,Closed,
431,22-Sep-25,,IM-1-12581036542,WO/47305,Masonry,REDACTED,REDACTED,T1 Masonry,$218.55 ,25-Sep-25,,Closed,
432,22-Sep-25,,IM-1-12573457115,WO/47306,Carpentry RF,REDACTED,REDACTED,T1 Carpentry,$88.90 ,25-Sep-25,,Closed,
433,22-Sep-25,,RFS-1-12582245819,WO/47304,Plumbing,REDACTED,REDACTED,T1 Plumbing,$77.16 ,25-Sep-25,,Closed,
434,22-Sep-25,,IM-1-12574796074,WO/47303,Plumbing,REDACTED,REDACTED,T1 Plumbing,$374.50 ,25-Sep-25,,Closed,
435,22-Sep-25,,RFS-1-12578038494,WO/47299,Carpentry RF,REDACTED,REDACTED,T1 Carpentry,$896.40 ,25-Sep-25,,Approved,
436,22-Sep-25,,IM-1-12574115635,WO/47288,Plumbing,REDACTED,REDACTED,Team 3,$133.00 ,25-Sep-25,,Closed,
437,22-Sep-25,,RFS-1-12578800052,WO/47286,Carpentry RF,REDACTED,REDACTED,T1 Carpentry,$453.12 ,25-Sep-25,,Closed,
438,22-Sep-25,,IM-1-12568572657,WO/47340,Carpentry FF,REDACTED,REDACTED,T1 Carpentry,$591.28 ,24-Sep-25,,Closed,
439,22-Sep-25,,IM-112573969348,WO47300,Carpentry FF,REDACTED,REDACTED,T1 Carpentry,$53.64 ,25-Sep-25,,Closed,
440,22-Sep-25,,CT-12661,WO/47390,Plumbing,REDACTED,REDACTED,T1 Plumbing,"$1,152.50 ",24-Sep-25,,Closed,
441,22-Sep-25,,CT-02642,WO/47307,Plumbing,REDACTED,REDACTED,Team 3,$780.65 ,24-Sep-25,,Closed,
442,22-Sep-25,,CT-02584,WO/47290,Plumbing,REDACTED,REDACTED,Team 3,$139.50 ,23-Sep-25,,Approved,
443,23-Sep-25,,RFS-1-12582866056,WO/47352,Carpentry RF,REDACTED,REDACTED,T1 Carpentry,$8.10 ,,,Rejected,
444,23-Sep-25,,IM-1-12430625957,WO/47356,Plumbing,REDACTED,REDACTED,Team 3,$346.00 ,25-Sep-25,,Closed,
445,23-Sep-25,,IM-1-12569792937,"WO/47359",Plumbing,REDACTED,REDACTED,Team 5,$594.00 ,25-Sep-25,,Closed,
446,23-Sep-25,,RFS-1-12571390927,WO/47361,Plumbing,REDACTED,REDACTED,Team 4,$105.25 ,25-Sep-25,,Closed,
447,23-Sep-25,,RFS-1-12569163045,"WO/47362",Carpentry FF,REDACTED,REDACTED,T1 Carpentry,$50.40 ,25-Sep-25,,Approved,
448,23-Sep-25,,RFS-1-12582844414,WO/47360,Plumbing,REDACTED,REDACTED,Team 4,$98.75 ,25-Sep-25,,Closed,
449,23-Sep-25,,IM-1-12582603518 ,"WO/47363",Plumbing,REDACTED,REDACTED,Team 2 ,$385.00 ,25-Sep-25,,Closed,
450,23-Sep-25,,IM-1-12582271768,WO/47364,Plumbing,REDACTED,REDACTED,Team 2 ,$468.00 ,25-Sep-25,,Closed,
451,23-Sep-25,,IM-1-12582668985,WO/47366,Plumbing,REDACTED,REDACTED,T1 Plumbing,$259.50 ,25-Sep-25,,Closed,
452,23-Sep-25,,IM-1-12582796707,WO/47371,Welding & Painting,REDACTED,REDACTED,T1 Painting,$98.20 ,25-Sep-25,,Approved,
453,23-Sep-25,,IM-12582514195,WO/47370,Plumbing,REDACTED,REDACTED,Team 4,$204.00 ,25-Sep-25,,Closed,
454,23-Sep-25,,IM-1-12573895849,WO/47368,Plumbing,REDACTED,REDACTED,Team 4,$269.50 ,25-Sep-25,,Closed,
455,23-Sep-25,,CT-02628,WO/47374,Carpentry FF,REDACTED,REDACTED,Team 3,$103.54 ,24-Sep-25,,Approved,
456,23-Sep-25,,CT-02623,WO/47367,Carpentry FF,REDACTED,REDACTED,Team 3,$272.86 ,24-Sep-25,,Approved,
457,24-Sep-25,,IM-1-12582514179,WO/47369,Plumbing,REDACTED,REDACTED,Team 4,$300.53 ,8-Oct-25,,Closed,
458,24-Sep-25,,RFS-1-12542002761,WO/47388,Carpentry RF,REDACTED,REDACTED,Team 2 ,$20.00 ,25-Sep-25,,Closed,
459,24-Sep-25,,IM-1-12582571759,WO/47395,Plumbing,REDACTED,REDACTED,Team 2 ,$334.00 ,25-Sep-25,,Closed,
460,24-Sep-25,, IM-1-12582669055- ,"WO/47400",Plumbing,REDACTED,REDACTED,Team 2 ,$318.00 ,25-Sep-25,,Closed,
461,24-Sep-25,,IM-1-12582271752 ,"WO/47402",Plumbing,REDACTED,REDACTED,Team 2 ,$436.00 ,25-Sep-25,,Closed,
462,24-Sep-25,,IM-1-12581581407,WO/47398,Plumbing,REDACTED,REDACTED,Team 2 ,$142.00 ,25-Sep-25,,Closed,
463,24-Sep-25,,RFS-1-12583484301,WO/47386,Carpentry FF,REDACTED,REDACTED,T1 Carpentry,$56.00 ,25-Sep-25,,Closed,
464,24-Sep-25,,CT-02625,WO/47406,Carpentry FF,REDACTED,REDACTED,Team 3,$149.96 ,25-Sep-25,,Approved,
465,25-Sep-25,,RFS-1-12576682268,WO/47281,Plumbing,REDACTED,REDACTED,T1 Plumbing,$75.00 ,28-Sep-25,,Closed,
466,25-Sep-25,,RFS-1-12583692310,WO/47404,Plumbing,REDACTED,REDACTED,T1 Plumbing,$259.50 ,28-Sep-25,,Closed,
467,25-Sep-25,,IM-1-12582272128,WO/47405,Masonry,REDACTED,REDACTED,Team 3,$460.50 ,28-Sep-25,,Closed,
468,25-Sep-25,,IM-1-12582844276,WO/47399,Carpentry FF,REDACTED,REDACTED,Team 3,$377.00 ,28-Sep-25,,Closed,
469,25-Sep-25,,RFS-1-12583054776,WO/47397,Carpentry FF,REDACTED,REDACTED,Team 3,$172.92 ,28-Sep-25,,Approved,
470,25-Sep-25,,IM-1-12582668567,WO/47413,Carpentry FF,REDACTED,REDACTED,T1 Carpentry,$123.00 ,28-Sep-25,,Closed,
471,25-Sep-25,,IM-1-12582696120,WO/47424,Plumbing,REDACTED,REDACTED,Team 3,$128.00 ,28-Sep-25,,Closed,
472,25-Sep-25,,IM-1-12582696074,WO/47426,Plumbing,REDACTED,REDACTED,Team 3,$29.90 ,,,Rejected,
473,25-Sep-25,,RFS-1-12582245542,WO/47423,Carpentry RF,REDACTED,REDACTED,Team 3,$11.70 ,25-Sep-25,,Approved,
474,25-Sep-25,,RFS-1-12583483586,WO/47436,Carpentry FF,REDACTED,REDACTED,T1 Carpentry,$98.64 ,23-Dec-25,,Approved,
475,25-Sep-25,,RFS-1-12576444283,WO/47444,Carpentry FF,REDACTED,REDACTED,Team 2 ,$406.36 ,,,Rejected,
476,25-Sep-25,,RFS-1-12576338092,"WO/47446",Carpentry RF,REDACTED,REDACTED,Team 2 ,$809.16 ,25-Sep-25,,Closed,
477,25-Sep-25,,IM-1-12542115990,WO/47454,Carpentry RF,REDACTED,REDACTED,T1 Carpentry,$219.36 ,29-Sep-25,,Approved,
478,25-Sep-25,,CT-02624,WO/47434,Welding & Painting,REDACTED,REDACTED,Team 3,$61.40 ,25-Sep-25,,Closed,
479,25-Sep-25,,CT-02626,WO/47427,Welding & Painting,REDACTED,REDACTED,Team 3,$172.60 ,25-Sep-25,,Closed,
480,25-Sep-25,,CT-02627,WO/47425,Carpentry FF,REDACTED,REDACTED,Team 3,$220.36 ,25-Sep-25,,Approved,
481,27-Sep-25,,IM-1-12584023217,WO/47464,Carpentry FF,REDACTED,REDACTED,Team 4,$196.80 ,14-Dec-25,,Closed,
482,27-Sep-25,,IM-1-12583836457,WO/47463,Carpentry FF,REDACTED,REDACTED,Team 4,$196.80 ,14-Dec-25,,Closed,
483,27-Sep-25,,RFS-1-12586059621,WO/47465,Plumbing,REDACTED,REDACTED,T1 Plumbing,$368.25 ,14-Dec-25,,Closed,
484,27-Sep-25,,RFS-1-12583054965,WO/47472,Masonry,REDACTED,REDACTED,Team 5,$540.00 ,29-Sep-25,,Approved,
485,27-Sep-25,, IM-1-12582514375,WO/47459,Carpentry FF,REDACTED,REDACTED,Team 5,$210.02 ,29-Sep-25,,Approved,
486,27-Sep-25,,IM-1-12551639717,"WO/47468",Carpentry RF,REDACTED,REDACTED,Team 2 ,$648.00 ,29-Sep-25,,Closed,
487,27-Sep-25,,IM-1-12508641858,WO/47474,Welding & Painting,REDACTED,REDACTED,Team 2 ,"$1,030.00 ",29-Sep-25,,Closed,
488,28-Sep-25,,CT-02677,WO/47452,Plumbing,REDACTED,REDACTED,T1 Plumbing,$402.50 ,29-Sep-25,,Closed,
489,28-Sep-25,,IM-1-12583968263,WO/47440,Plumbing,REDACTED,REDACTED,T1 Plumbing,$313.30 ,29-Sep-25,,Closed,
490,28-Sep-25,,IM-1-12584023145,WO/47437,Carpentry FF,REDACTED,REDACTED,T1 Carpentry,$196.80 ,14-Dec-25,,Closed,
491,28-Sep-25,,RFS-1-12584739127,WO47482,Carpentry FF,REDACTED,REDACTED,T1 Carpentry,$74.64 ,29-Sep-25,,Approved,
492,28-Sep-25,,IM-1-12582514375,"WO/47460",Masonry,REDACTED,REDACTED,Team 5,$217.50 ,29-Sep-25,,Closed,
493,28-Sep-25,,IM-1-12582553137,WO/47449,Carpentry FF,REDACTED,REDACTED,Team 5,$274.80 ,5-Feb-26,,Closed,
494,28-Sep-25,,RFS-1-12584916934,WO/47476,Carpentry FF,REDACTED,REDACTED,Team 2 ,$767.90 ,,,Rejected,
495,28-Sep-25,,RFS-1-12584916900,"WO/47470",Masonry,REDACTED,REDACTED,Team 2 ,$200.00 ,6-Oct-25,,Closed,
496,28-Sep-25,,IM-1-12582571711,WO/47457,Masonry,REDACTED,REDACTED,Team 5,$547.50 ,29-Sep-25,,Closed,
497,28-Sep-25,,IM-1-12503700480,"WO/47458",Masonry,REDACTED,REDACTED,Team 5,$440.74 ,,,Rejected,
498,28-Sep-25,,RFS-1-12586060017,WO/47494,Carpentry FF,REDACTED,REDACTED,T1 Carpentry,$153.04 ,30-Sep-25,,Closed,
499,28-Sep-25,,CT-102690,WO/47496,Plumbing,REDACTED,REDACTED,T1 Plumbing,$660.00 ,,,Closed,
500,29-Sep-25,,IM-1-12587287127,WO/47498,Plumbing,REDACTED,REDACTED,T1 Plumbing,$391.20 ,1-Oct-25,,Closed,
501,29-Sep-25,,IM-1-12588066120 ,WO/47512,Plumbing,REDACTED,REDACTED,Team 2 ,$279.50 ,1-Oct-25,,Closed,
502,29-Sep-25,,RFS-1-12586010604,WO/47514,Welding & Painting,REDACTED,REDACTED,Team 5,$569.90 ,1-Oct-25,,Approved,
503,29-Sep-25,,IM-1-12588342103,WO/47521,Carpentry RF,REDACTED,REDACTED,T1 Carpentry,$610.74 ,,,Rejected,
504,29-Sep-25,,RFS-1-12587773467,WO/47522,Masonry,REDACTED,REDACTED,T1 Masonry,$146.10 ,1-Oct-25,,Closed,
505,29-Sep-25,,RFS-1-12583803261,WO/47519,Welding & Painting,REDACTED,REDACTED,Welding,"$2,455.90 ",1-Oct-25,,Closed,
506,29-Sep-25,,IM-1-12582726506,WO/47516,Carpentry RF,REDACTED,REDACTED,Team 3,$720.00 ,,,Rejected,
507,29-Sep-25,,IM-1-12582696296,WO/47518,Masonry,REDACTED,REDACTED,Team 3,$225.00 ,,,Rejected,
508,29-Sep-25,,RFS-1-12585295111,WO/47515,Carpentry FF,REDACTED,REDACTED,Team 3,$228.17 ,6-Oct-25,,Closed,
509,29-Sep-25,,IM-1-12562370375,WO/47510,Carpentry RF,REDACTED,REDACTED,Team 4,$300.90 ,1-Oct-25,,Closed,
510,29-Sep-25,,IM-1-12582271656,WO/47509,Carpentry FF,REDACTED,REDACTED,Team 4,$58.34 ,1-Oct-25,,Closed,
511,29-Sep-25,,IM-1-12579749195,WO/47511,Plumbing,REDACTED,REDACTED,Team 4,$164.78 ,1-Oct-25,,Closed,
512,29-Sep-25,,IM-1-12573895660,WO/47508,Masonry,REDACTED,REDACTED,Team 4,$132.50 ,6-Oct-25,,Closed,
513,29-Sep-25,,IM-1-12554973070,WO/47506,Carpentry FF,REDACTED,REDACTED,T1 Carpentry,$750.00 ,1-Oct-25,,Approved,
514,29-Sep-25,,CT-02696,WO/47504,Plumbing,REDACTED,REDACTED,T1 Plumbing,$130.50 ,1-Oct-25,,Closed,
515,30-Sep-25,,CT-02701,WO/47537,Plumbing,REDACTED,REDACTED,T1 Plumbing,$350.60 ,6-Oct-25,,Approved,
516,30-Sep-25,,IM-1-12587860324,WO/47549,Plumbing,REDACTED,REDACTED,T1 Plumbing,$279.50 ,1-Oct-25,,Closed,
517,30-Sep-25,,IM-1-12589500683,WO/47551,Welding & Painting,REDACTED,REDACTED,T1 Painting,$268.20 ,6-Oct-25,,Approved,
518,30-Sep-25,,RFS-1-12588342423,WO/47550,Carpentry FF,REDACTED,REDACTED,T1 Carpentry,$56.25 ,6-Oct-25,,Approved,
519,30-Sep-25,,IM-1-12588066170,WO/47560,Welding & Painting,REDACTED,REDACTED,T1 Painting,$80.90 ,6-Oct-25,,Closed,
520,30-Sep-25,,IM-1-12588066170,WO/47559,Plumbing,REDACTED,REDACTED,T1 Plumbing,$302.50 ,6-Oct-25,,Closed,
521,30-Sep-25,,CT-02707,WO/47562,Masonry,REDACTED,REDACTED,T1 Masonry,$522.50 ,6-Oct-25,,Approved,
522,30-Sep-25,,CT-02702,WO/47539,Plumbing,REDACTED,REDACTED,T1 Plumbing,$122.50 ,2-Oct-25,,Closed,
523,1-Oct-25,,IM-1-12582271682,WO/47547,Carpentry FF,REDACTED,REDACTED,Team 4,$176.28 ,6-Oct-25,,Closed,
524,1-Oct-25,,RFS-1-12588493807,WO/47578,Carpentry FF,REDACTED,REDACTED,Team 5,$132.00 ,6-Oct-25,,Approved,
525,1-Oct-25,,RFS-1-12585213905,WO/47579,Welding & Painting,REDACTED,REDACTED,Team 5,$231.70 ,6-Oct-25,,Closed,
526,1-Oct-25,,RFS-1-12585213906,WO/47554,Plumbing,REDACTED,REDACTED,Aljazeera II,$508.40 ,1-Oct-25,,Closed,
527,1-Oct-25,,RFS-1-12585213905,WO/47580,Carpentry RF,REDACTED,REDACTED,Team 5,$264.00 ,6-Oct-25,,Closed,
528,1-Oct-25,,IM-1-12582272021,"WO/47581",Carpentry FF,REDACTED,REDACTED,Team 5,$413.70 ,6-Oct-25,,Closed,
529,1-Oct-25,,IM-1-12591155337,WO/47582,Welding & Painting,REDACTED,REDACTED,T1 Painting,$345.40 ,1-Oct-25,,Closed,
530,1-Oct-25,,CT-02705,WO/47557,Plumbing,REDACTED,REDACTED,T1 Plumbing,$384.00 ,6-Oct-25,,Closed,
531,1-Oct-25,,CTAL-124072,WO/47555,Plumbing,REDACTED,REDACTED,Aljazeera II,$722.00 ,9-Oct-25,,Closed,
532,2-Oct-25,,IM-1-12588066154,WO/47585,Plumbing,REDACTED,REDACTED,Team 3,$459.05 ,9-Oct-25,,Closed,
533,2-Oct-25,,RFS-1-12589030592,WO/47588,Welding & Painting,REDACTED,REDACTED,Team 3,"$1,895.40 ",6-Oct-25,,Closed,
534,2-Oct-25,,RFS-1-12583055338,WO/47611,Masonry,REDACTED,REDACTED,Team 4,$699.40 ,,,Rejected,
535,2-Oct-25,,RFS-1-12583055338,WO/47614,Plumbing,REDACTED,REDACTED,Team 4,"$4,717.60 ",,,Rejected,
536,2-Oct-25,,RFS-1-12566421766,WO/47605,Carpentry FF,REDACTED,REDACTED,T1 Carpentry,$164.28 ,6-Oct-25,,Closed,
537,2-Oct-25,,CTAL-124073 , WO/47577,Plumbing,REDACTED,REDACTED,Aljazeera II,$579.00 ,5-Oct-25,,Approved,
538,3-Oct-25,,RFS-1-12592365188,WO/47619,Plumbing,REDACTED,REDACTED,T1 Plumbing,$202.16 ,6-Oct-25,,Closed,
539,3-Oct-25,,RFS-1-12586011455,WO/47596,Welding & Painting,REDACTED,REDACTED,Team 4,$143.90 ,6-Oct-25,,Closed,
540,3-Oct-25,,RFS-1-12592643885,WO/47602,Masonry,REDACTED,REDACTED,T1 Masonry,$177.50 ,6-Oct-25,,Closed,
541,4-Oct-25,,IM-1-12589215023,WO/47586,Plumbing,REDACTED,REDACTED,Team 3,$243.75 ,22-Oct-25,,Closed,
542,4-Oct-25,,RFS-1-12583055338,WO/47618,Welding & Painting,REDACTED,REDACTED,Team 4,$634.70 ,6-Oct-25,,Approved,
543,4-Oct-25,,IM-1-12591154746,WO/47609,Plumbing,REDACTED,REDACTED,T1 Plumbing,$29.90 ,6-Oct-25,,Approved,
544,4-Oct-25,,IM-1-12587989367,WO/47597,Plumbing,REDACTED,REDACTED,Team 4,$419.00 ,6-Oct-25,,Closed,
545,4-Oct-25,,RFS-1-12592643506,WO/47604,Welding & Painting,REDACTED,REDACTED,T1 Painting,$407.60 ,6-Oct-25,,Closed,
546,4-Oct-25,,RFS-1-12489929556,WO/47606,Carpentry FF,REDACTED,REDACTED,T1 Carpentry,$168.48 ,6-Oct-25,,Approved,
547,4-Oct-25,,RFS-1-12585389166,WO/47600,Plumbing,REDACTED,REDACTED,T1 Plumbing,$175.50 ,6-Oct-25,,Closed,
548,4-Oct-25,,IM-12549852787,WO/47625,Carpentry FF,REDACTED,REDACTED,T1 Carpentry,$433.56 ,20-Nov-25,,Closed,
549,4-Oct-25,,IM-1-12590729379,WO/47621,Plumbing,REDACTED,REDACTED,T1 Plumbing,$352.50 ,7-Oct-25,,Closed,
550,4-Oct-25,,IM-1-12592644241,WO/47620,Plumbing,REDACTED,REDACTED,T1 Plumbing,$654.25 ,6-Oct-25,,Closed,
551,4-Oct-25,,RFS-1-12589031251,WO/47626,Welding & Painting,REDACTED,REDACTED,Welding,$523.00 ,6-Oct-25,,Closed,
552,5-Oct-25,,IM-1-12569746127,WO/47635,Plumbing,REDACTED,REDACTED,T1 Plumbing,"$1,767.22 ",,,Rejected,
553,5-Oct-25,,IM-1-12571181114,WO/47631,Welding & Painting,REDACTED,REDACTED,Welding,$809.20 ,,,Rejected,
554,5-Oct-25,,CT-02736,WO/47643,Plumbing,REDACTED,REDACTED,T1 Plumbing,$821.00 ,6-Oct-25,,Closed,
555,5-Oct-25,,CT-02725,WO/47632,Plumbing,REDACTED,REDACTED,T1 Plumbing,$411.00 ,5-Oct-25,,Closed,
556,6-Oct-25,,RFS-1-12588467527,WO/47634,Carpentry FF,REDACTED,REDACTED,Team 5,$124.16 ,8-Oct-25,,Closed,
557,6-Oct-25,,CT-02724,WO/47630,Plumbing,REDACTED,REDACTED,T1 Plumbing,$368.50 ,8-Oct-25,,Closed,
558,6-Oct-25,,RFS-1-12594300411,WO/47651,Plumbing,REDACTED,REDACTED,T1 Plumbing,$346.50 ,8-Oct-25,,Closed,
559,6-Oct-25,,RFS-1-12601341528,WO/47650,Plumbing,REDACTED,REDACTED,T1 Plumbing,$263.15 ,8-Oct-25,,Closed,
560,6-Oct-25,,RFS-1-12594403203 ,WO/47655,Plumbing,REDACTED,REDACTED,T1 Plumbing,$94.00 ,8-Oct-25,,Closed,
561,6-Oct-25,,IM-1-12598339200,WO/47659,Plumbing,REDACTED,REDACTED,T1 Plumbing,$295.15 ,8-Oct-25,,Closed,
562,6-Oct-25,,RFS-1-12586011258,WO/47657,Masonry,REDACTED,REDACTED,T1 Masonry,$390.16 ,,,Rejected,
563,6-Oct-25,,IM-1-12587989404,WO/47674,Plumbing,REDACTED,REDACTED,T1 Plumbing,$259.00 ,8-Oct-25,,Closed,
564,6-Oct-25,,CT-02738,WO/47656,Plumbing,REDACTED,REDACTED,T1 Plumbing,$364.00 ,8-Oct-25,,Closed,
565,6-Oct-25,,CT-02717,WO/47675,Welding & Painting,REDACTED,REDACTED,Welding,$392.40 ,8-Oct-25,,Closed,
566,7-Oct-25,,RFS-1-12588342207,WO/47641,Carpentry FF,REDACTED,REDACTED,Team 4,$78.00 ,8-Oct-25,,Closed,
567,7-Oct-25,,IM-1-12591011340,WO/47642,Masonry,REDACTED,REDACTED,Team 4,$499.00 ,8-Oct-25,,Approved,
568,7-Oct-25,,RFS-1-12588342221,WO/47645,Carpentry FF,REDACTED,REDACTED,Team 4,$114.00 ,8-Oct-25,,Closed,
569,7-Oct-25,,IM-1-12589814748,WO/47649,Plumbing,REDACTED,REDACTED,Team 4,$138.00 ,8-Oct-25,,Closed,
570,7-Oct-25,,IM-1-12586440162,WO/47647,Plumbing,REDACTED,REDACTED,Team 4,$104.50 ,8-Oct-25,,Closed,
571,7-Oct-25,,RFS-1-12594402712,WO/47672,Plumbing,REDACTED,REDACTED,T1 Plumbing,$279.50 ,8-Oct-25,,Closed,
572,7-Oct-25,,RFS-1-12603611031,WO/47690,Plumbing,REDACTED,REDACTED,T1 Painting,$165.20 ,8-Oct-25,,Closed,
573,7-Oct-25,,CT-02746,WO/47698,Plumbing,REDACTED,REDACTED,T1 Plumbing,$411.00 ,7-Oct-25,,Closed,
574,7-Oct-25,,IM-1-1258287155,WO/47583,Plumbing,REDACTED,REDACTED,T1 Plumbing,$279.50 ,8-Oct-25,,Closed,
575,7-Oct-25,,IM-1-12591011268 ,"WO/47705",Carpentry RF,REDACTED,REDACTED,Team 2 ,$155.00 ,8-Oct-25,,Closed,
576,7-Oct-25,,IM-1-12586920868,WO/47710,Welding & Painting,REDACTED,REDACTED,Team 4,$809.40 ,9-Oct-25,,Closed,
577,7-Oct-25,,IM-1-12598339037,WO/47709,Plumbing,REDACTED,REDACTED,Team 4,$365.00 ,8-Oct-25,,Closed,
578,7-Oct-25,,IM-1-12603482931,WO/47701,Plumbing,REDACTED,REDACTED,T1 Plumbing,$261.00 ,8-Oct-25,,Closed,
579,8-Oct-25,,IM-1-12589446396,WO/47574,Carpentry FF,REDACTED,REDACTED,T1 Carpentry,$56.00 ,9-Oct-25,,Closed,
580,8-Oct-25,,IM-1-12589641612,WO/47568,Plumbing,REDACTED,REDACTED,T1 Plumbing,$113.78 ,9-Oct-25,,Closed,
581,8-Oct-25,,RFS-1-12589101256,WO/47569,Plumbing,REDACTED,REDACTED,T1 Plumbing,$195.50 ,9-Oct-25,,Approved,
582,8-Oct-25,,IM-1-12591011132,WO/47570,Carpentry FF,REDACTED,REDACTED,T1 Carpentry,$66.00 ,9-Oct-25,,Closed,
583,8-Oct-25,,RFS-1-12562429537,WO/47513,Carpentry RF,REDACTED,REDACTED,Team 3,"$2,677.04 ",9-Oct-25,,Approved,
584,8-Oct-25,,RFS-1-12588342228,WO/47646,Carpentry RF,REDACTED,REDACTED,Team 4,$640.62 ,8-Oct-25,,Closed,
585,8-Oct-25,,RFS-1-12603179002,WO/47685,Carpentry FF,REDACTED,REDACTED,T1 Carpentry,$53.40 ,8-Oct-25,,Closed,
586,8-Oct-25,,RFS-1-12592644292,WO/47688,Welding & Painting,REDACTED,REDACTED,T1 Painting,$86.70 ,8-Oct-25,,Closed,
587,8-Oct-25,,RFS-1-12603178694,WO/47703,Plumbing,REDACTED,REDACTED,Team 2 ,$452.50 ,8-Oct-25,,Rejected,
588,8-Oct-25,,IM-1-12569746127,WO/47683,Carpentry FF,REDACTED,REDACTED,T1 Carpentry,$653.39 ,8-Oct-25,,Approved,
589,8-Oct-25,,CT-02665 ,"WO/47713",Welding & Painting,REDACTED,REDACTED,Team 2 ,$646.00 ,8-Oct-25,,Closed,
590,8-Oct-25,,IM-1-12604179162,WO/47714,Carpentry FF,REDACTED,REDACTED,Team 2 ,$56.00 ,8-Oct-25,,Closed,
591,8-Oct-25,,CT-02708,WO/47715,Welding & Painting,REDACTED,REDACTED,Team 4,"$1,919.40 ",,,Rejected,
592,8-Oct-25,,RFS-1-12601341603,WO/47716,Welding & Painting,REDACTED,REDACTED,T1 Painting,$194.40 ,8-Oct-25,,Closed,
593,8-Oct-25,,IM-1-12587076849," WO/47717",Masonry,REDACTED,REDACTED,Team 5,$308.20 ,9-Oct-25,,Closed,
594,8-Oct-25,,CTAL-124080,WO/47662,Masonry,REDACTED,REDACTED,Aljazeera II,$667.50 ,8-Oct-25,,Approved,
595,8-Oct-25,,IM-1-12489929592,"WO/46390",Carpentry FF,REDACTED,REDACTED,T1 Carpentry,$720.00 ,8-Oct-25,,Approved,
596,8-Oct-25,,CTAL-124079,"WO/47653",Plumbing,REDACTED,REDACTED,Aljazeera II,$315.00 ,8-Oct-25,,Closed,
597,8-Oct-25,,CTAL-124076 ,WO/47592,Plumbing,REDACTED,REDACTED,Aljazeera II,$433.00 ,8-Oct-25,,Approved,
598,8-Oct-25,,CTAL-124075,WO/47589,Plumbing,REDACTED,REDACTED,Aljazeera II,$539.60 ,8-Oct-25,,Closed,
599,8-Oct-25,,CT-02750,WO/47746,Plumbing,REDACTED,REDACTED,T1 Plumbing,$245.00 ,9-Oct-25,,Closed,
600,9-Oct-25,,RFS-1-12585294846,WO/47571,Welding & Painting,REDACTED,REDACTED,Welding,"$3,390.00 ",30-Oct-25,,Closed,
601,9-Oct-25,,RFS-1-12585461707,WO/47533,Welding & Painting,REDACTED,REDACTED,Welding,"$2,261.20 ",9-Oct-25,,Closed,
602,9-Oct-25,,CT-02751,WO/47751,Plumbing,REDACTED,REDACTED,Team 4,$849.20 ,9-Oct-25,,Closed,
603,9-Oct-25,,IM-1-12604202724,WO/47750,Plumbing,REDACTED,REDACTED,Team 4,$423.48 ,9-Oct-25,,Closed,
604,9-Oct-25,,IM-1-12586439937,WO/47738,Carpentry FF,REDACTED,REDACTED,T1 Carpentry,$483.28 ,9-Oct-25,,Closed,
605,9-Oct-25,,RFS-1-12594606261,WO/47748,Plumbing,REDACTED,REDACTED,T1 Painting,$123.00 ,9-Oct-25,,Closed,
606,9-Oct-25,,RFS-1-12603482744,WO/47749,Plumbing,REDACTED,REDACTED,T1 Plumbing,$751.98 ,9-Oct-25,,Closed,
607,9-Oct-25,,IM-1-12569746127,WO/47745,Masonry,REDACTED,REDACTED,T1 Masonry,"$3,701.10 ",,,Rejected,
608,9-Oct-25,,RFS-1-12606084307,WO/47747,Plumbing,REDACTED,REDACTED,T1 Plumbing,$219.40 ,9-Oct-25,,Closed,
609,9-Oct-25,,RFS-1-12586010667,WO/47744,Masonry,REDACTED,REDACTED,T1 Plumbing,"$2,952.50 ",9-Oct-25,,Approved,
610,9-Oct-25,,IM-1-12604119834,WO/47741,Carpentry RF,REDACTED,REDACTED,T1 Carpentry,$339.00 ,9-Oct-25,,Approved,
611,9-Oct-25,,RFS-1-12606173955,WO/47733,Plumbing,REDACTED,REDACTED,T1 Plumbing,$230.25 ,9-Oct-25,,Closed,
612,9-Oct-25,,IM-12599075804,WO/47727,Plumbing,REDACTED,REDACTED,Team 4,$160.00 ,9-Oct-25,,Closed,
613,9-Oct-25,,RFS-1-12603179385,WO/47729,Plumbing,REDACTED,REDACTED,T1 Plumbing,$615.00 ,9-Oct-25,,Approved,
614,9-Oct-25,,IM-1-12598339234,WO/47732,Carpentry FF,REDACTED,REDACTED,T1 Carpentry,$98.64 ,,,Rejected,
615,9-Oct-25,,IM-1-12594908750,WO/47720,Plumbing,REDACTED,REDACTED,Team 4,$232.66 ,9-Oct-25,,Closed,
616,9-Oct-25,,IM-1-12601017290,WO/47721,Masonry,REDACTED,REDACTED,Team 4,"$1,285.00 ",9-Oct-25,,Closed,
617,9-Oct-25,,IM-1-12601016681,WO/47723,Plumbing,REDACTED,REDACTED,Team 4,"$1,586.70 ",9-Oct-25,,Approved,
618,9-Oct-25,,RFS-1-12541811497,WO/47718,Welding & Painting,REDACTED,REDACTED,T1 Painting,$533.90 ,9-Oct-25,,Approved,
619,9-Oct-25,,IM-1-12607660749,WO/47773,Plumbing,REDACTED,REDACTED,T1 Plumbing,$141.50 ,9-Oct-25,,Closed,
620,9-Oct-25,,RFS-1-12607013261,"WO/47775",Plumbing,REDACTED,REDACTED,T1 Plumbing,$127.34 ,9-Oct-25,,Approved,
621,9-Oct-25,,IM-1-12607661043,WO/47755,Plumbing,REDACTED,REDACTED,T1 Plumbing,$279.00 ,9-Oct-25,,Closed,
622,9-Oct-25,,RFS-1-12603525218,WO/47754,Plumbing,REDACTED,REDACTED,T1 Plumbing,$920.00 ,9-Oct-25,,Closed,
623,9-Oct-25,,RFS-1-12576338381,WO/47764,Masonry,REDACTED,REDACTED,T1 Masonry,$295.74 ,12-Oct-25,,Closed,
624,9-Oct-25,,IM-1-12606971997,WO/47779,Carpentry FF,REDACTED,REDACTED,T1 Carpentry,$110.00 ,,,Rejected,
625,9-Oct-25,,RFS-1-12607012989,WO/47781,Welding & Painting,REDACTED,REDACTED,T1 Painting,$673.10 ,20-Oct-25,,Closed,
626,9-Oct-25,,IM-1-12607661460,WO/47778,Welding & Painting,REDACTED,REDACTED,T1 Painting,$411.00 ,9-Oct-25,,Closed,
627,9-Oct-25,,CTAL-124077 ,WO/47639,Carpentry FF,REDACTED,REDACTED,Aljazeera II,$584.00 ,9-Oct-25,,Closed,
628,9-Oct-25,,CT-02757,WO/47759,Plumbing,REDACTED,REDACTED,T1 Plumbing,$122.50 ,9-Oct-25,,Closed,
629,9-Oct-25,,CT-02758,WO/47767,Plumbing,REDACTED,REDACTED,T1 Plumbing,$122.50 ,9-Oct-25,,Closed,
630,11-Oct-25,,IM-1-12607709972,WO/47801,Plumbing,REDACTED,REDACTED,T1 Plumbing,$637.70 ,12-Oct-25,,Closed,
631,11-Oct-25,,IM-1-12589384204,WO/47798,Carpentry FF,REDACTED,REDACTED,Team 3,"$1,788.00 ",12-Oct-25,,Closed,
632,11-Oct-25,,IM-1-12610304682,WO/47800,Plumbing,REDACTED,REDACTED,T1 Plumbing,$438.30 ,12-Oct-25,,Closed,
633,11-Oct-25,,RFS-1-12594473670,WO/47794,Carpentry FF,REDACTED,REDACTED,Team 3,$564.00 ,,,Closed,
634,11-Oct-25,,IM-1-12595249258,WO/47786,Welding & Painting,REDACTED,REDACTED,T1 Painting,"$1,949.00 ",,,Rejected,
635,11-Oct-25,,RFS-1-12606174339,WO/47824,Plumbing,REDACTED,REDACTED,Team 5,$474.00 ,13-Oct-25,,Closed,
636,12-Oct-25,,IM-1-12589814497,WO/47644,Masonry,REDACTED,REDACTED,Team 4,$254.60 ,12-Oct-25,,Closed,
637,12-Oct-25,,IM-1-12589500759,WO/47769,Masonry,REDACTED,REDACTED,Team 3,$876.00 ,12-Oct-25,,Approved,
638,12-Oct-25,,IM-1-12603834198,WO/47762,Carpentry FF,REDACTED,REDACTED,Team 4,$59.00 ,12-Oct-25,,Closed,
639,12-Oct-25,,IM-1-12396902788,WO/47768,Welding & Painting,REDACTED,REDACTED,Welding,$798.30 ,12-Oct-25,,Approved,
640,12-Oct-25,,RFS-1-12606083803,WO/47765,Welding & Painting,REDACTED,REDACTED,Welding,$84.00 ,12-Oct-25,,Closed,
641,12-Oct-25,,RFS-1-12603051841,WO/47777,Plumbing,REDACTED,REDACTED,T1 Plumbing,$960.00 ,12-Oct-25,,Closed,
642,12-Oct-25,,RFS-1-12465164571,WO/47780,Carpentry FF,REDACTED,REDACTED,T1 Carpentry,$270.00 ,12-Oct-25,,Closed,
643,12-Oct-25,,IM-12608032127,WO/47799,Welding & Painting,REDACTED,REDACTED,T1 Painting,$351.00 ,12-Oct-25,,Closed,
644,12-Oct-25,,IM-1-12592846959,WO/47795,Carpentry RF,REDACTED,REDACTED,Team 3,$644.40 ,12-Oct-25,,Closed,
645,12-Oct-25,,IM-1-12592846953,WO/47797,Carpentry FF,REDACTED,REDACTED,Team 3,$204.00 ,12-Oct-25,,Closed,
646,12-Oct-25,,RFS-1-12593086380,WO/47793,Carpentry FF,REDACTED,REDACTED,Team 3,$896.40 ,12-Oct-25,,Approved,
647,12-Oct-25,,IM-1-12591285548,WO/47784,Welding & Painting,REDACTED,REDACTED,T1 Painting,$192.48 ,12-Oct-25,,Closed,
648,12-Oct-25,,IM-1-12598116300,WO/47789,Carpentry FF,REDACTED,REDACTED,Team 3,$152.00 ,12-Oct-25,,Closed,
649,12-Oct-25,,IM-1-12604202724,WO/47772,Plumbing,REDACTED,REDACTED,Team 4,$122.50 ,9-Oct-25,,Closed,
650,12-Oct-25,,CT-02771,WO/47806,Plumbing,REDACTED,REDACTED,T1 Plumbing,$263.40 ,12-Oct-25,,Approved,
651,12-Oct-25,,CT-01546,WO/47826,Masonry,REDACTED,REDACTED,Team 4,"$1,320.00 ",16-Oct-25,,Closed,
652,13-Oct-25,,RFS-1-12589214700,WO/47787,Carpentry FF,REDACTED,REDACTED,Team 3,$211.14 ,13-Oct-25,,Closed,
653,13-Oct-25,,IM-1-12608665675,WO/47809,Plumbing,REDACTED,REDACTED,Team 4,$419.00 ,13-Oct-25,,Closed,
654,13-Oct-25,,IM-1-12608665675,WO/47811,Plumbing,REDACTED,REDACTED,Team 4,$122.00 ,13-Oct-25,,Closed,
655,13-Oct-25,,IM-1-12608665675,WO/47812,Plumbing,REDACTED,REDACTED,Team 4,$225.78 ,13-Oct-25,,Closed,
656,13-Oct-25,,IM-1-12604202816,WO/47814,Plumbing,REDACTED,REDACTED,Team 4,$118.50 ,13-Oct-25,,Closed,
657,13-Oct-25,,IM-1-12607661460,WO/47823,Carpentry FF,REDACTED,REDACTED,T1 Carpentry,$83.64 ,13-Oct-25,,Closed,
658,13-Oct-25,,RFS-1-12592491983,WO/47783,Welding & Painting,REDACTED,REDACTED,T1 Painting,$176.00 ,13-Oct-25,,Closed,
659,13-Oct-25,,CT-02781 ,WO/47828,Plumbing,REDACTED,REDACTED,T1 Plumbing,$269.50 ,13-Oct-25,,Closed,
660,13-Oct-25,,IM-1-12608665603,WO/47837,Plumbing,REDACTED,REDACTED,Team 2 ,$452.50 ,13-Oct-25,,Closed,
661,13-Oct-25,,CT-02766,WO/47839,Masonry,REDACTED,REDACTED,Team 2 ,$605.00 ,15-Oct-25,,Closed,
662,13-Oct-25,,IM-1-12607591587,WO/47840,Carpentry FF,REDACTED,REDACTED,Team 2 ,$110.72 ,,,Rejected,
663,13-Oct-25,,CT-02785,WO/47834,Welding & Painting,REDACTED,REDACTED,T1 Painting,$315.20 ,15-Oct-25,,Closed,
664,14-Oct-25,,IM-1-12522533195,WO/46292,Carpentry RF,REDACTED,REDACTED,T1 Carpentry,$799.12 ,19-Oct-25,,Closed,
665,14-Oct-25,,IM-1-12608665639,WO/47836,Plumbing,REDACTED,REDACTED,Team 4,$430.78 ,14-Oct-25,,Closed,
666,14-Oct-25,,IM-1-12608665639,WO/47838,Plumbing,REDACTED,REDACTED,Team 4,$122.00 ,14-Oct-25,,Closed,
667,14-Oct-25,,IM-1-12608716076,WO/47841,Carpentry FF,REDACTED,REDACTED,T1 Carpentry,$171.78 ,14-Oct-25,,Closed,
668,14-Oct-25,,IM-1-12608665691,WO/47844,Carpentry RF,REDACTED,REDACTED,T1 Carpentry,$622.20 ,14-Oct-25,,Closed,
669,14-Oct-25,,RFS-1-12611683599,WO/47848,Plumbing,REDACTED,REDACTED,T1 Plumbing,$425.50 ,14-Oct-25,,Closed,
670,14-Oct-25,,RFS-1-12611683599,WO/47849,Plumbing,REDACTED,REDACTED,T1 Plumbing,$122.00 ,14-Oct-25,,Closed,
671,14-Oct-25,,IM-1-12612537086,WO/47852,Plumbing,REDACTED,REDACTED,T1 Plumbing,$279.50 ,14-Oct-25,,Closed,
672,14-Oct-25,,IM-1-12609982544,WO/47850,Plumbing,REDACTED,REDACTED,T1 Plumbing,$495.46 ,14-Oct-25,,Closed,
673,14-Oct-25,,RFS-1-12606972108,WO/47843,Welding & Painting,REDACTED,REDACTED,T1 Painting,$184.64 ,14-Oct-25,,Closed,
674,14-Oct-25,,CT-02703,WO/47540,Welding & Painting,REDACTED,REDACTED,Welding,$580.00 ,14-Oct-25,,Closed,
675,14-Oct-25,,RFS-1-12609093674,WO/47855,Plumbing,REDACTED,REDACTED,Team 2 ,$54.00 ,14-Oct-25,,Approved,
676,14-Oct-25,,RFS-1-12611037948,WO/47868,Carpentry FF,REDACTED,REDACTED,T1 Carpentry,$524.20 ,,,Rejected,
677,14-Oct-25,,RFS-1-12614012202,WO/47867,Plumbing,REDACTED,REDACTED,T1 Plumbing,$75.00 ,15-Oct-25,,Approved,
678,15-Oct-25,,IM-1-12612537243 ,"WO/47846",Plumbing,REDACTED,REDACTED,T1 Plumbing,$769.00 ,15-Oct-25,,Closed,
679,15-Oct-25,,RFS-1-12586203069 ,WO/47851,Plumbing,REDACTED,REDACTED,T1 Plumbing,$279.50 ,15-Oct-25,,Closed,
680,15-Oct-25,,RFS-1-12611038204,WO/47873,Carpentry RF,REDACTED,REDACTED,Team 3,$603.60 ,16-Oct-25,,Approved,
681,15-Oct-25,,IM-1-12612820807,WO/47874,Plumbing,REDACTED,REDACTED,Team 3,$223.32 ,15-Oct-25,,Closed,
682,15-Oct-25,,CT-02791,WO/47888,Plumbing,REDACTED,REDACTED,T1 Plumbing,$211.50 ,15-Oct-25,,Approved,
683,15-Oct-25,,RFS-1-12614186859,WO/47892,Welding & Painting,REDACTED,REDACTED,T1 Painting,$621.60 ,,,Rejected,
684,15-Oct-25,,RFS-1-12609093498,WO/47893,Masonry,REDACTED,REDACTED,T1 Masonry,$390.16 ,19-Oct-25,,Approved,
685,15-Oct-25,,IM-1-12614012011,WO/47891,Welding & Painting,REDACTED,REDACTED,T1 Painting,$178.40 ,15-Oct-25,,Closed,
686,15-Oct-25,,IM-1-12614012157,WO/47896,Plumbing,REDACTED,REDACTED,T1 Plumbing,$154.00 ,15-Oct-25,,Closed,
687,15-Oct-25,,CTAL-124078,WO/47648,Masonry,REDACTED,REDACTED,Aljazeera II,$143.00 ,15-Oct-25,,Closed,
688,15-Oct-25,,RFS-1-12612800385,WO/47904,Masonry,REDACTED,REDACTED,T1 Masonry,"$1,376.60 ",,,Rejected,
689,16-Oct-25,,IM-1-12576108934,WO/47469,Welding & Painting,REDACTED,REDACTED,Welding,"$1,304.20 ",16-Oct-25,,Closed,
690,16-Oct-25,,RFS-1-12609093789,WO/47912,Masonry,REDACTED,REDACTED,Team 3,$145.00 ,16-Oct-25,,Closed,
691,16-Oct-25,,RFS-1-12616826857,WO/47916,Carpentry RF,REDACTED,REDACTED,T1 Carpentry,$660.00 ,16-Oct-25,,Closed,
692,16-Oct-25,,RFS-1-12615910758,WO/47926,Plumbing,REDACTED,REDACTED,T1 Plumbing,$258.00 ,16-Oct-25,,Closed,
693,16-Oct-25,,RFS-1-12616960169,WO/47924,Masonry,REDACTED,REDACTED,T1 Masonry,$437.10 ,16-Oct-25,,Closed,
694,16-Oct-25,,CT-02796,WO/47910,Plumbing,REDACTED,REDACTED,,$138.80 ,16-Oct-25,,Approved,
695,16-Oct-25,,IM-1-12522533195,WO/47922,Welding & Painting,REDACTED,REDACTED,T1 Painting,$172.90 ,16-Oct-25,,Closed,
696,16-Oct-25,,IM-1-12612537178,WO/47923,Welding & Painting,REDACTED,REDACTED,Team 2 ,$694.40 ,16-Oct-25,,Closed,
697,16-Oct-25,,CT-02732,WO/47911,Carpentry RF,REDACTED,REDACTED,T1 Carpentry,$284.00 ,16-Oct-25,,Closed,
698,16-Oct-25,,CT-02797,WO/47915,Carpentry FF,REDACTED,REDACTED,T1 Carpentry,$177.60 ,10/16/2025,,Closed,
699,16-Oct-25,,IM-1-12615356741,WO/47920,Plumbing,REDACTED,REDACTED,T1 Plumbing,$431.00 ,16-Oct-25,,Approved,
700,18-Oct-25,,IM-1-12607781225,WO/47933,Carpentry RF,REDACTED,REDACTED,Team 4,"$1,727.16 ",19-Oct-25,,Approved,
701,18-Oct-25,,RFS-1-12616735979,WO/47944,Plumbing,REDACTED,REDACTED,Team 2 ,$606.75 ,20-Oct-25,,Closed,
702,18-Oct-25,,CT-02802,WO/47932,Plumbing,REDACTED,REDACTED,T1 Plumbing,"$1,402.00 ",19-Oct-25,,Closed,
703,19-Oct-25,,IM-1-12616015877,WO/47949,Plumbing,REDACTED,REDACTED,Team 4,$74.10 ,19-Oct-25,,Closed,
704,19-Oct-25,,CT-02761,WO47957,Plumbing,REDACTED,REDACTED,Team 4,$92.80 ,19-Oct-25,,Closed,
705,19-Oct-25,,CT-02807,WO/47958,Plumbing,REDACTED,REDACTED,T1 Plumbing,$28.50 ,19-Oct-25,,Closed,3
706,19-Oct-25,,RFS-1-12615619610,WO/47960,Carpentry FF,REDACTED,REDACTED,T1 Carpentry,$53.60 ,19-Oct-25,,Closed,
707,19-Oct-25,,CT-02806,WO/47941,Plumbing,REDACTED,REDACTED,Team 4,$93.98 ,19-Oct-25,,Closed,
708,19-Oct-25,,CT-02805,WO/47940,Welding & Painting,REDACTED,REDACTED,T1 Painting,$507.20 ,19-Oct-25,,Closed,
709,19-Oct-25,,IM-1-12616784480,WO/47959,Welding & Painting,REDACTED,REDACTED,Team 2 ,$464.00 ,19-Oct-25,,Closed,
710,20-Oct-25,,IM-1-12589446422,WO/47771,Masonry,REDACTED,REDACTED,Team 3,$144.00 ,21-Oct-25,,Closed,
711,20-Oct-25,,IM-1-12620420891,WO/47965,Plumbing,REDACTED,REDACTED,T1 Plumbing,$801.05 ,20-Oct-25,,Approved,
712,20-Oct-25,,CT-02814,WO/47966,Plumbing,REDACTED,REDACTED,T1 Plumbing,$865.50 ,20-Oct-25,,Closed,
713,20-Oct-25,,RFS-1-12620786909,WO/47969,Carpentry RF,REDACTED,REDACTED,T1 Carpentry,$222.00 ,20-Oct-25,,Closed,
714,20-Oct-25,, RFS-1-12620749212,WO/47970,Carpentry FF,REDACTED,REDACTED,T1 Carpentry,$137.16 ,20-Oct-25,,Approved,
715,20-Oct-25,,IM-1-12586439937,WO/47974,Carpentry FF,REDACTED,REDACTED,Team 3,$222.00 ,20-Oct-25,,Closed,
716,20-Oct-25,,IM-1-12616736166,"WO/47985",Plumbing,REDACTED,REDACTED,Team 5,$251.66 ,21-Oct-25,,Closed,
717,21-Oct-25,,RFS-1-12616827381,WO/47976,Carpentry FF,REDACTED,REDACTED,T1 Carpentry,$231.28 ,21-Oct-25,,Approved,
718,21-Oct-25,,CT-02819,WO/47983,Carpentry FF,REDACTED,REDACTED,Team 4,$752.00 ,21-Oct-25,,Closed,
719,21-Oct-25,,IM-1-12621192310,WO/47986,Plumbing,REDACTED,REDACTED,T1 Plumbing,$348.00 ,22-Oct-25,,Closed,
720,21-Oct-25,,CT-02818,WO/47979,Welding & Painting,REDACTED,REDACTED,T1 Painting,$953.20 ,21-Oct-25,,Closed,
721,21-Oct-25,,RFS-1-12620748805,WO/47975,Carpentry FF,REDACTED,REDACTED,T1 Carpentry,$56.00 ,21-Oct-25,,Closed,
722,21-Oct-25,,IM-1-12621103465,WO/47977,Plumbing,REDACTED,REDACTED,T1 Plumbing,$259.50 ,21-Oct-25,,Closed,
723,21-Oct-25,,CT-02820,WO/47984,Plumbing,REDACTED,REDACTED,Team 3,$122.50 ,21-Oct-25,,Closed,
724,22-Oct-25,,CT-02821,WO/47988,Plumbing,REDACTED,REDACTED,Team 5,$596.50 ,22-Oct-25,,Closed,
725,22-Oct-25,,IM-1-12621265774,WO/47989,Carpentry FF,REDACTED,REDACTED,T1 Carpentry,$657.48 ,22-Oct-25,,Closed,
726,22-Oct-25,,IM-1-12614011716,WO/47990,Carpentry RF,REDACTED,REDACTED,T1 Carpentry,$242.28 ,22-Oct-25,,Closed,
727,22-Oct-25,,IM-1-12621056391,WO/47995,Welding & Painting,REDACTED,REDACTED,T1 Painting,$244.80 ,22-Oct-25,,Closed,
728,22-Oct-25,,CT-02825,WO/48003,Carpentry RF,REDACTED,REDACTED,T1 Carpentry,$84.00 ,22-Oct-25,,Approved,
729,22-Oct-25,,IM-1-12582514241 ,WO/47994,Plumbing,REDACTED,REDACTED,Team 5,$284.00 ,22-Oct-25,,Closed,
730,22-Oct-25,,CT-02827,"WO/48010",Carpentry RF,REDACTED,REDACTED,Team 2 ,$609.10 ,23-Oct-25,,Approved,
731,22-Oct-25,,IM-1-12586439937,WO/47951,Carpentry FF,REDACTED,REDACTED,Team 2 ,$689.12 ,22-Oct-25,,Closed,
732,22-Oct-25,,IM-1-12507057213,WO/46005,Carpentry RF,REDACTED,REDACTED,Team 4,"$1,139.40 ",22-Oct-25,,Approved,
733,22-Oct-25,,CT-02829,WO/48000,Welding & Painting,REDACTED,REDACTED,T1 Painting,$408.10 ,22-Oct-25,,Closed,
734,22-Oct-25,,CT-02830,WO/48007,Welding & Painting,REDACTED,REDACTED,T1 Painting,"$2,204.80 ",22-Oct-25,,Closed,
735,22-Oct-25,,CT-02831,WO/48011,Welding & Painting,REDACTED,REDACTED,T1 Painting,"$2,928.20 ",22-Oct-25,,Closed,
736,22-Oct-25,,CT-02809,WO/47946,Carpentry FF,REDACTED,REDACTED,T1 Carpentry,$960.42 ,22-Oct-25,,Closed,
737,23-Oct-25,,IM-1-12607592207,WO/48013,Masonry,REDACTED,REDACTED,T1 Masonry,$600.50 ,23-Oct-25,,Closed,
738,23-Oct-25,,IM-1-12624053743,WO/48020,Carpentry RF,REDACTED,REDACTED,T1 Carpentry,$320.00 ,23-Oct-25,,Closed,
739,23-Oct-25,,IM-1-12621507467,WO/48018,Plumbing,REDACTED,REDACTED,T1 Plumbing,$314.50 ,23-Oct-25,,Approved,
740,23-Oct-25,,CT-02836 ,"WO/48023",Plumbing,REDACTED,REDACTED,Team 2 ,$122.00 ,23-Oct-25,,Closed,
741,23-Oct-25,,CT-02836 ,WO/48022,Plumbing,REDACTED,REDACTED,T1 Plumbing,$422.56 ,23-Oct-25,,Closed,
742,23-Oct-25,,IM-1-12618213943,WO/48036,Carpentry FF,REDACTED,REDACTED,Team 4,$257.00 ,,,Rejected,
743,23-Oct-25,,IM-1-12621351257,WO/48030,Carpentry FF,REDACTED,REDACTED,Team 4,$92.00 ,23-Oct-25,,Closed,
744,23-Oct-25,,IM-1-12573297924,WO/48029,Carpentry FF,REDACTED,REDACTED,Team 4,$59.80 ,23-Oct-25,,Closed,
745,23-Oct-25,,IM-1-12610252327,WO/48038,Carpentry FF,REDACTED,REDACTED,Team 4,$142.44 ,,,Rejected,
746,23-Oct-25,,IM-1-12623949934,WO/48042,Carpentry RF,REDACTED,REDACTED,Team 4,"$1,039.20 ",9-Feb-26,,Closed,
747,23-Oct-25,,RFS-1-12494192380,WO/48044,Carpentry FF,REDACTED,REDACTED,Team 4,$498.85 ,,,Rejected,
748,23-Oct-25,,IM-1-12565885870,WO/48025,Carpentry FF,REDACTED,REDACTED,Team 4,$213.08 ,,,Closed,
749,23-Oct-25,,CT-02838,WO/48026,Welding & Painting,REDACTED,REDACTED,Team 3,$195.60 ,23-Oct-25,,Closed,
750,25-Oct-25,,IM-1-12621351072,WO/48047,Carpentry RF,REDACTED,REDACTED,Team 4,"$1,136.70 ",29-Oct-25,,Approved,
751,25-Oct-25,,IM-1-12623988197 ,"WO/48058",Plumbing,REDACTED,REDACTED,Team 5,$96.90 ,26-Oct-25,,Closed,
752,25-Oct-25,,IM-1-12623938518,WO/48061,Plumbing,REDACTED,REDACTED,Team 5,"$1,241.40 ",26-Oct-25,,Closed,
753,25-Oct-25,,IM-1-12625358319,WO/48066,Carpentry FF,REDACTED,REDACTED,T1 Carpentry,$14.40 ,26-Oct-25,,Closed,
754,26-Oct-25,,IM-1-12608872851,WO/48041,Carpentry FF,REDACTED,REDACTED,Team 4,$136.50 ,26-Oct-25,,Closed,
755,26-Oct-25,,IM-1-12621350903,WO/48043,Carpentry RF,REDACTED,REDACTED,Team 4,"$1,136.70 ",26-Oct-25,,Approved,
756,26-Oct-25,,IM-1-12621192134,WO/48045,Carpentry FF,REDACTED,REDACTED,Team 4,$21.60 ,26-Oct-25,,Closed,
757,26-Oct-25,,IM-1-12591155111,WO/48048,Carpentry FF,REDACTED,REDACTED,Team 4,$138.54 ,26-Oct-25,,Closed,
758,26-Oct-25,,RFS-1-12603051598,WO/48049,Carpentry RF,REDACTED,REDACTED,Team 3,"$1,759.00 ",26-Oct-25,,Approved,
759,26-Oct-25,,IM-1-12621238826,WO/48052,Welding & Painting,REDACTED,REDACTED,Welding,$62.00 ,26-Oct-25,,Closed,
760,26-Oct-25,,IM-1-12623938518,WO/48063,Plumbing,REDACTED,REDACTED,Team 5,$245.00 ,26-Oct-25,,Closed,
761,26-Oct-25,,IM-1-12625447217,WO/48064,Carpentry FF,REDACTED,REDACTED,T1 Carpentry,$150.00 ,26-Oct-25,,Closed,
762,26-Oct-25,,IM-1-12623399546,WO/48069,Carpentry FF,REDACTED,REDACTED,T1 Carpentry,$744.00 ,26-Oct-25,,Approved,
763,26-Oct-25,,RFS-1-12622564064,WO/48070,Carpentry RF,REDACTED,REDACTED,T1 Carpentry,$128.70 ,26-Oct-25,,Closed,
764,26-Oct-25,,CT-02817,WO/48071,Welding & Painting,REDACTED,REDACTED,T1 Painting,$625.10 ,27-Oct-25,,Closed,
765,26-Oct-25,,CT-02847,WO/48068,Welding & Painting,REDACTED,REDACTED,Team 2 ,"$2,661.50 ",26-Oct-25,,Closed,
766,26-Oct-25,, IM-1-12586439937,WO/48086,Carpentry FF,REDACTED,REDACTED,Team 5,$282.50 ,26-Oct-25,,Closed,
767,26-Oct-25,,IM-1-12623492302,WO/48055,Carpentry FF,REDACTED,REDACTED,T1 Carpentry,$14.40 ,26-Oct-25,,Closed,
768,26-Oct-25,,CT-02837,WO/48024,Plumbing,REDACTED,REDACTED,T1 Plumbing,$986.05 ,26-Oct-25,,Closed,
769,27-Oct-25,,CT-02842 ,WO/48090,Plumbing,REDACTED,REDACTED,T1 Plumbing,$770.56 ,28-Oct-25,,Closed,
770,27-Oct-25,,IM-1-12628112189,WO/48091,Plumbing,REDACTED,REDACTED,T1 Plumbing,$149.00 ,27-Oct-25,,Approved,
771,27-Oct-25,,CT-02826,WO/48093,Welding & Painting,REDACTED,REDACTED,Team 4,"$1,025.40 ",27-Oct-25,,Closed,
772,27-Oct-25,,RFS-1-12621351217,WO/48094,Carpentry RF,REDACTED,REDACTED,T1 Carpentry,$159.08 ,27-Oct-25,,Closed,
773,27-Oct-25,,IM-1-12623987898,WO/48095,Carpentry FF,REDACTED,REDACTED,T1 Carpentry,$529.44 ,2-Nov-25,,Closed,
774,27-Oct-25,,IM-1-12629930495,WO/48096,Plumbing,REDACTED,REDACTED,T1 Plumbing,$346.50 ,27-Oct-25,,Closed,
775,27-Oct-25,,IM-1-12625702494 ,WO/48097,Masonry,REDACTED,REDACTED,Team 2 ,"$1,265.00 ",27-Oct-25,,Approved,
776,27-Oct-25,,IM-1-12629631276,WO/48098,Carpentry RF,REDACTED,REDACTED,Team 3,$597.00 ,29-Oct-25,,Closed,
777,27-Oct-25,,IM-1-12630924405,WO/48099,Plumbing,REDACTED,REDACTED,Team 5,$305.00 ,29-Oct-25,,Closed,
778,27-Oct-25,,RFS-1-12629630809,WO/48100,Masonry,REDACTED,REDACTED,Team 4,$864.24 ,30-Oct-25,,Closed,
779,27-Oct-25,,CT-02850,WO/48076,Plumbing,REDACTED,REDACTED,T1 Plumbing,$957.80 ,27-Oct-25,,Closed,
780,27-Oct-25,,CT-02861,W0/48092,Plumbing,REDACTED,REDACTED,T1 Plumbing,$492.48 ,27-Oct-25,,Closed,
781,28-Oct-25,,IM-1-12620083373,WO/48107,Plumbing,REDACTED,REDACTED,Team 4,$95.00 ,29-Oct-25,,Closed,
782,28-Oct-25,,RFS-1-12606971800,WO/48108,Welding & Painting,REDACTED,REDACTED,Team 4,$456.30 ,,,Rejected,
783,28-Oct-25,,IM-1-12623851997,WO/48109,Welding & Painting,REDACTED,REDACTED,Team 4,$148.00 ,29-Oct-25,,Closed,
784,28-Oct-25,,IM-1-12625420678,WO/48110,Plumbing,REDACTED,REDACTED,Team 4,$769.55 ,28-Oct-25,,Closed,
785,28-Oct-25,,IM-1-12623851971,WO/48114,Masonry,REDACTED,REDACTED,Team 4,$338.58 ,29-Oct-25,,Closed,
786,28-Oct-25,,IM-1-12629630730,WO/48115,Masonry,REDACTED,REDACTED,Team 4,$252.00 ,29-Oct-25,,Closed,
787,28-Oct-25,,IM-1-12607710028,WO/48117,Masonry,REDACTED,REDACTED,Team 4,$54.50 ,29-Oct-25,,Closed,
788,28-Oct-25,,IM-1-12629631111,WO/48120,Plumbing,REDACTED,REDACTED,Team 4,"$2,161.45 ",28-Oct-25,,Closed,
789,28-Oct-25,,IM-1-12631599134,WO/48122,Plumbing,REDACTED,REDACTED,T1 Plumbing,$156.25 ,29-Oct-25,,Closed,
790,28-Oct-25,,IM-1-12629631111,WO/48124,Plumbing,REDACTED,REDACTED,Team 4,$122.00 ,29-Oct-25,,Closed,
791,28-Oct-25,,IM-1-12630924295,"WO/48125",Plumbing,REDACTED,REDACTED,T1 Plumbing,$296.25 ,29-Oct-25,,Closed,
792,28-Oct-25,,IM-1-1261281163,WO/48129,Carpentry RF,REDACTED,REDACTED,Team 4,$399.20 ,,,Approved,
793,28-Oct-25,,IM-1-12621102612,WO/48130,Welding & Painting,REDACTED,REDACTED,T1 Painting,$796.60 ,29-Oct-25,,Closed,
794,28-Oct-25,, IM-1-12628112309,WO/48131,Welding & Painting,REDACTED,REDACTED,Team 5,$96.50 ,29-Oct-25,,Closed,
795,28-Oct-25,,CT-02873,WO/48133,Plumbing,REDACTED,REDACTED,T1 Plumbing,$411.00 ,29-Oct-25,,Closed,
796,28-Oct-25,,IM-1-12622064333,WO/48137,Carpentry RF,REDACTED,REDACTED,T1 Carpentry,$745.60 ,,,Approved,
797,28-Oct-25,,IM-1-12618511679,WO/48138,Carpentry RF,REDACTED,REDACTED,T1 Carpentry,$348.00 ,29-Oct-25,,Approved,
798,28-Oct-25,,IM-1-12562558985,WO/48139,Carpentry RF,REDACTED,REDACTED,T1 Carpentry,$360.00 ,29-Oct-25,,Approved,
799,28-Oct-25,,IM-1-12625174597,WO/48140,Carpentry RF,REDACTED,REDACTED,Team 4,"$1,136.70 ",29-Oct-25,,Approved,
800,28-Oct-25,,IM-1-1268854865,WO/48141,Carpentry RF,REDACTED,REDACTED,Team 4,$735.20 ,29-Oct-25,,Closed,
801,28-Oct-25,,IM-1-12629930613,WO/48104,Plumbing,REDACTED,REDACTED,T1 Plumbing,$245.00 ,28-Oct-25,,Closed,
802,28-Oct-25,,CT-02869,WO/48116,Carpentry FF,REDACTED,REDACTED,T1 Carpentry,$139.40 ,29-Oct-25,,Approved,
803,29-Oct-25,,IM-1-12618138883,WO/48142,Carpentry FF,REDACTED,REDACTED,T1 Carpentry,$704.12 ,,,Rejected,
804,29-Oct-25,,IM-1-12590678210,WO/48144,Carpentry RF,REDACTED,REDACTED,T1 Carpentry,$866.16 ,4-Nov-25,,Closed,
805,29-Oct-25,,RFS-1-12628112283,WO/48146,Carpentry RF,REDACTED,REDACTED,Team 4,$12.00 ,2-Nov-25,,Closed,
806,29-Oct-25,,IM-1-12620083443,WO/48147,Carpentry FF,REDACTED,REDACTED,Team 4,$92.10 ,29-Oct-25,,Closed,
807,29-Oct-25,,IM-1-12625589008,WO/48148,Carpentry FF,REDACTED,REDACTED,Team 4,$28.70 ,29-Oct-25,,Closed,
808,29-Oct-25,,IM-1-12621102612,WO/48151,Masonry,REDACTED,REDACTED,T1 Masonry,"$1,465.00 ",30-Oct-25,,Closed,
809,29-Oct-25,,RFS-1-12631654469,WO/48153,Carpentry FF,REDACTED,REDACTED,T1 Carpentry,$113.64 ,30-Oct-25,,Closed,
810,29-Oct-25,,CT-02871,WO/48149,Carpentry FF,REDACTED,REDACTED,T1 Carpentry,$44.40 ,29-Oct-25,,Closed,
811,29-Oct-25,,CT-02853,WO/48143,Carpentry FF,REDACTED,REDACTED,T1 Carpentry,$88.20 ,29-Oct-25,,Approved,
812,29-Oct-25,,CT-02815,WO/48145,Carpentry FF,REDACTED,REDACTED,T1 Carpentry,$501.76 ,29-Oct-25,,Closed,
813,29-Oct-25,,CT-02834,WO/48135,Carpentry FF,REDACTED,REDACTED,Team 4,"$1,047.68 ",29-Oct-25,,Closed,
814,30-Oct-25,,RFS-1-12633120520,WO/48169,Carpentry FF,REDACTED,REDACTED,T1 Carpentry,$181.29 ,,,Rejected,
815,30-Oct-25,,RFS-1-12615783722,WO/48170,Carpentry FF,REDACTED,REDACTED,T1 Carpentry,$324.00 ,,,Rejected,
816,30-Oct-25,,IM-1-12621103413,WO/48171,Plumbing,REDACTED,REDACTED,T1 Plumbing,$168.50 ,30-Oct-25,,Closed,
817,30-Oct-25,,IM-1-12633632219,WO/48172,Welding & Painting,REDACTED,REDACTED,T1 Painting,$51.50 ,30-Oct-25,,Closed,
818,30-Oct-25,,IM-1-12625287442,WO/48173,Welding & Painting,REDACTED,REDACTED,T1 Painting,$259.00 ,3-Nov-25,,Closed,
819,30-Oct-25,,IM-12628112053,WO/48176,Welding & Painting,REDACTED,REDACTED,T1 Painting,$355.30 ,,,Rejected,
820,30-Oct-25,,IM-1-12630923772,WO/48177,Welding & Painting,REDACTED,REDACTED,T1 Painting,$86.00 ,30-Oct-25,,Closed,
821,30-Oct-25,,RFS-1-12635835560,WO/48179,Carpentry FF,REDACTED,REDACTED,T1 Carpentry,$69.00 ,30-Oct-25,,Closed,
822,30-Oct-25,,RFS-1-12633043581,WO/4818,Carpentry RF,REDACTED,REDACTED,T1 Carpentry,$102.76 ,30-Oct-25,,Closed,
823,30-Oct-25,,IM-1-2635116058,WO/48174,Plumbing,REDACTED,REDACTED,T1 Plumbing,"$1,466.55 ",3-Nov-25,,Closed,
824,30-Oct-25,,M-1-12635899506 ,"WO/48168",Plumbing,REDACTED,REDACTED,T1 Plumbing,$384.50 ,3-Nov-25,,Closed,
825,30-Oct-25,,IM-1-12635376526,WO/48181,Plumbing,REDACTED,REDACTED,Team 2 ,$980.00 ,3-Nov-25,,Closed,
826,30-Oct-25,,IM-1-12623399520,WO/48182,Carpentry FF,REDACTED,REDACTED,T1 Carpentry,$336.00 ,30-Oct-25,,Approved,
827,30-Oct-25,,IM-1-12628111942,WO/48183,Masonry,REDACTED,REDACTED,Team 2 ,"$1,370.00 ",,,Rejected,
828,30-Oct-25,,IM-1-12628111917,WO/48185,Masonry,REDACTED,REDACTED,Team 2 ,"$1,370.00 ",3-Nov-25,,Closed,
829,30-Oct-25,,CT-02880,WO/48191,Plumbing,REDACTED,REDACTED,T1 Plumbing,$293.25 ,3-Nov-25,,Closed,
830,30-Oct-25,,IM-1-12622006255,WO/48192,Carpentry FF,REDACTED,REDACTED,T1 Carpentry,$549.00 ,11-Nov-25,,Closed,
831,30-Oct-25,,RFS-1-12633043581,WO/48180,Carpentry FF,REDACTED,REDACTED,T1 Carpentry,$102.76 ,30-Oct-25,,Closed,
832,1-Nov-25,,IM-1-12635646013,WO/48198,Plumbing,REDACTED,REDACTED,Team 5,$65.35 ,2-Nov-25,,Closed,
833,1-Nov-25,,IM-1-12635116033,WO/48197,Plumbing,REDACTED,REDACTED,Team 5,$140.90 ,2-Nov-25,,Closed,
834,1-Nov-25,,IM-1-12635115704,WO/48196,Plumbing,REDACTED,REDACTED,Team 5,$112.30 ,2-Nov-25,,Closed,
835,1-Nov-25,,RFS-1-12635836207,WO/48200,Plumbing,REDACTED,REDACTED,T1 Plumbing,$119.50 ,2-Nov-25,,Closed,
836,1-Nov-25,,RFS-1-12635836177,WO/48203,Plumbing,REDACTED,REDACTED,T1 Plumbing,$376.40 ,2-Nov-25,,Closed,
837,1-Nov-25,,RFS-1-12636784511,WO/48205,Welding & Painting,REDACTED,REDACTED,Welding,$145.40 ,2-Nov-25,,Closed,
838,1-Nov-25,,IM-1-12635116381,WO/48206,Plumbing,REDACTED,REDACTED,Team 4,$167.00 ,2-Nov-25,,Closed,
839,1-Nov-25,,IM-1-12637288260,WO/48207,Plumbing,REDACTED,REDACTED,T1 Plumbing,$73.35 ,2-Nov-25,,Approved,
840,1-Nov-25,,IM-1-12637287781,"WO/48209",Welding & Painting,REDACTED,REDACTED,Team 3,$312.00 ,2-Nov-25,,Closed,
841,1-Nov-25,,IM-1-12637287913,WO/48210,Plumbing,REDACTED,REDACTED,Team 2 ,$921.12 ,2-Nov-25,,Closed,
842,1-Nov-25,,IM-1-12637287913,WO/48211,Plumbing,REDACTED,REDACTED,Team 2 ,$244.00 ,2-Nov-25,,Closed,
843,1-Nov-25,,IM-1-12635972792,WO/48212,Plumbing,REDACTED,REDACTED,Team 2 ,$452.50 ,2-Nov-25,,Closed,
844,1-Nov-25,,RFS-1-12636694874,WO/48213,Carpentry FF,REDACTED,REDACTED,Team 2 ,$164.44 ,2-Nov-25,,Closed,
845,1-Nov-25,,CT-02865,WO/48214,Welding & Painting,REDACTED,REDACTED,Team 5,"$1,643.10 ",2-Nov-25,,Approved,
846,1-Nov-25,,CT-02870,WO/48199,Carpentry FF,REDACTED,REDACTED,T1 Carpentry,$447.72 ,2-Nov-25,,Closed,
847,2-Nov-25,,IM-1-12633631882,WO/48222,Carpentry FF,REDACTED,REDACTED,T1 Carpentry,$55.00 ,3-Nov-25,,Closed,
848,2-Nov-25,,IM-1-12640185433,WO/48235,Welding & Painting,REDACTED,REDACTED,T1 Painting,$86.20 ,3-Nov-25,,Approved,
849,2-Nov-25,,RFS-1-12639825829,WO/48237,Welding & Painting,REDACTED,REDACTED,T1 Painting,$277.40 ,3-Nov-25,,Closed,
850,3-Nov-25,,RFS-1-12642236127 ,"WO/48242",Plumbing,REDACTED,REDACTED,T1 Plumbing,$259.50 ,3-Nov-25,,Closed,
851,3-Nov-25,,IM-1-12641193661,WO/48244,Plumbing,REDACTED,REDACTED,T1 Plumbing,$294.00 ,3-Nov-25,,Closed,
852,3-Nov-25,,IM-1-12640185466,WO/48250,Masonry,REDACTED,REDACTED,T1 Masonry,$132.50 ,4-Nov-25,,Closed,
853,3-Nov-25,,IM-1-12586398388,WO/47517,Carpentry FF,REDACTED,REDACTED,T1 Carpentry,"$1,209.82 ",3-Nov-25,,Closed,
854,3-Nov-25,,IM-1-12636739661,WO/48252,Plumbing,REDACTED,REDACTED,T1 Plumbing,"$1,348.81 ",4-Nov-25,,Closed,
855,3-Nov-25,,CT-02892,WO/48255,Plumbing,REDACTED,REDACTED,T1 Plumbing,$150.00 ,4-Nov-25,,Closed,
856,3-Nov-25,,RFS-1-12633044067,WO/48178,Welding & Painting,REDACTED,REDACTED,Welding,$147.20 ,4-Nov-25,,Closed,
857,3-Nov-25,,RFS-1-12640185367,WO/48254,Carpentry FF,REDACTED,REDACTED,T1 Carpentry,$403.80 ,4-Nov-25,,Closed,
858,4-Nov-25,,RFS-1-12638509498,WO/48259,Welding & Painting,REDACTED,REDACTED,Team 4,$226.40 ,4-Nov-25,,Closed,
859,4-Nov-25,,IM-1-12642803229,WO/48262,Welding & Painting,REDACTED,REDACTED,T1 Painting,$286.10 ,4-Nov-25,,Closed,
860,4-Nov-25,,RFS-1-12642338762,WO/48268,Welding & Painting,REDACTED,REDACTED,Welding,"$1,741.00 ",16-Nov-25,,Closed,
861,4-Nov-25,,RFS-1-12643151994,WO/48274,Masonry,REDACTED,REDACTED,T1 Masonry,$439.16 ,,,Rejected,
862,4-Nov-25,,RFS-1-12642405071,W0/48276,Welding & Painting,REDACTED,REDACTED,Welding,"$1,266.80 ",4-Nov-25,,Closed,
863,5-Nov-25,,IM-1-12635899723,WO/48295,Welding & Painting,REDACTED,REDACTED,T1 Painting,$512.40 ,13-Nov-25,,Closed,
864,5-Nov-25,,IM-1-12644927674,WO/48292,Plumbing,REDACTED,REDACTED,T1 Plumbing,$294.50 ,5-Nov-25,,Closed,
865,5-Nov-25,,IM-1-12639331088,WO/48298,Plumbing,REDACTED,REDACTED,T1 Plumbing,$122.00 ,5-Nov-25,,Closed,
866,5-Nov-25,,RFS-1-12639331474,"WO/48299",Masonry,REDACTED,REDACTED,T1 Masonry,$0.00 ,5-Nov-25,,Rejected,
867,5-Nov-25,,IM-1-12629631111,WO/48311,Masonry,REDACTED,REDACTED,Team 4,$501.38 ,13-Nov-25,,Closed,
868,5-Nov-25,,RFS-1-12636695310,WO/48318,Masonry,REDACTED,REDACTED,T1 Masonry,$147.15 ,,,Rejected,
869,5-Nov-25,,CT-02898,WO/48296,Plumbing,REDACTED,REDACTED,T1 Plumbing,$123.00 ,5-Nov-25,,Closed,
870,5-Nov-25,,CT-02899,WO/48301,Plumbing,REDACTED,REDACTED,T1 Plumbing,$245.00 ,5-Nov-25,,Approved,
871,5-Nov-25,,CT-02897,WO/48290,Welding & Painting,REDACTED,REDACTED,T1 Painting,"$1,022.80 ",5-Nov-25,,Closed,
872,6-Nov-25,,RFS-1-12642405071,WO/48335,Masonry,REDACTED,REDACTED,T1 Masonry,$72.50 ,13-Nov-25,,Closed,
873,6-Nov-25,,IM-1-12646252998,WO/48336,Masonry,REDACTED,REDACTED,T1 Masonry,$207.00 ,20-Nov-25,,Approved,
874,6-Nov-25,,RFS-1-12645404346,WO/48337,Carpentry FF,REDACTED,REDACTED,Team 4,$188.48 ,13-Nov-25,,Closed,
875,6-Nov-25,,IM-1-12590269962,WO/48338,Welding & Painting,REDACTED,REDACTED,Team 4,$432.90 ,,,Rejected,
876,6-Nov-25,,RFS-1-12606881078,WO/48339,Welding & Painting,REDACTED,REDACTED,Welding,$992.50 ,23-Nov-25,,Closed,
877,6-Nov-25,,CT-02852,WO/48341,Welding & Painting,REDACTED,REDACTED,Team 4,$122.90 ,13-Nov-25,,Approved,
878,6-Nov-25,,CT-02872,WO/48323,Carpentry FF,REDACTED,REDACTED,T1 Carpentry,$269.40 ,13-Nov-25,,Approved,
879,6-Nov-25,,CT-02905,WO/48344,Plumbing,REDACTED,REDACTED,T1 Plumbing,$411.00 ,13-Nov-25,,Closed,
880,7-Nov-25,,IM-1-12649486567,WO/48346,Carpentry FF,REDACTED,REDACTED,T1 Carpentry,$40.00 ,13-Nov-25,,Approved,
881,7-Nov-25,,IM-1-12647423784,WO/48355,Plumbing,REDACTED,REDACTED,T1 Plumbing,"$1,157.92 ",9-Nov-25,,Closed,
882,7-Nov-25,,IM-1-12647423784,WO/48357,Plumbing,REDACTED,REDACTED,T1 Plumbing,$244.00 ,9-Nov-25,,Closed,
883,7-Nov-25,,IM-1-12649356954,WO/48358,Welding & Painting,REDACTED,REDACTED,T1 Painting,$371.00 ,23-Nov-25,,Closed,
884,8-Nov-25,,CT-02907,WO/48349,Plumbing,REDACTED,REDACTED,T1 Plumbing,$138.00 ,13-Nov-25,,Closed,
885,9-Nov-25,,CT-02910,WO/48359,Plumbing,REDACTED,REDACTED,T1 Plumbing,$279.50 ,13-Nov-25,,Closed,
886,9-Nov-25,,CT-02908,WO/48352,Plumbing,REDACTED,REDACTED,T1 Plumbing,$422.06 ,9-Nov-25,,Closed,
887,9-Nov-25,,IM-1-12646826820,"
WO/48360",Plumbing,REDACTED,REDACTED,Team 5,$295.00 ,13-Nov-25,,Closed,
888,9-Nov-25,,RFS-1-12642236278,WO/48361,Carpentry FF,REDACTED,REDACTED,T1 Carpentry,$194.28 ,,,Rejected,
889,9-Nov-25,,IM-1-12649649964,WO/48365,Plumbing,REDACTED,REDACTED,T1 Plumbing,$493.50 ,20-Nov-25,,Closed,
890,9-Nov-25,,CT-02915,WO/48367,Plumbing,REDACTED,REDACTED,T1 Plumbing,$126.00 ,9-Nov-25,,Closed,
891,9-Nov-25,,CT-02916,WO/48373,Plumbing,REDACTED,REDACTED,Team 4,$60.00 ,10-Nov-25,,Closed,
892,9-Nov-25,,CT-02913,WO/48366,Plumbing,REDACTED,REDACTED,Team 4,$286.60 ,13-Nov-25,,Closed,
893,10-Nov-25,,IM-1-12628555842,WO/48376,Plumbing,REDACTED,REDACTED,T1 Plumbing,$202.16 ,13-Nov-25,,Closed,
894,10-Nov-25,, RFS-1-12657426574 ,WO/48378,Welding & Painting,REDACTED,REDACTED,Team 2 ,$554.00 ,,,Rejected,
895,10-Nov-25,,IM-1-12646826779,WO/48379,Carpentry FF,REDACTED,REDACTED,T1 Carpentry,$317.96 ,,,Rejected,
896,10-Nov-25,,RFS-1-12618769996,WO/48380,Carpentry FF,REDACTED,REDACTED,T1 Carpentry,$222.30 ,13-Nov-25,,Approved,
897,10-Nov-25,,RFS-1-12518276917,WO/48385,Plumbing,REDACTED,REDACTED,T1 Plumbing,$304.00 ,,,Rejected,
898,10-Nov-25,,RFS-1-12657426966,WO/48387,Welding & Painting,REDACTED,REDACTED,T1 Painting,$235.40 ,13-Nov-25,,Closed,
899,11-Nov-25,,RFS-1-12657426567,WO/48392,Carpentry RF,REDACTED,REDACTED,Team 2 ,$24.60 ,13-Nov-25,,Closed,
900,11-Nov-25,,IM-1-12660843626,WO/48394,Plumbing,REDACTED,REDACTED,T1 Plumbing,$376.15 ,13-Nov-25,,Closed,
901,11-Nov-25,,IM-1-12661236344,WO/48396,Masonry,REDACTED,REDACTED,T1 Masonry,$414.66 ,13-Nov-25,,Closed,
902,11-Nov-25,,IM-1-12664670211,WO/48397,Carpentry FF,REDACTED,REDACTED,T1 Carpentry,$56.00 ,13-Nov-25,,Closed,
903,11-Nov-25,,IM-1-12649357128,WO/48402,Masonry,REDACTED,REDACTED,T1 Masonry,$316.00 ,,,Rejected,
904,11-Nov-25,,CT-02915,WO/48403,Masonry,REDACTED,REDACTED,T1 Masonry,$595.00 ,13-Nov-25,,Closed,
905,11-Nov-25,,CT-02923,WO/48399,Plumbing,REDACTED,REDACTED,T1 Plumbing,$314.00 ,13-Nov-25,,Closed,
906,12-Nov-25,,RFS-1-12646826896,WO/48412,Carpentry RF,REDACTED,REDACTED,Team 5,$195.48 ,20-Nov-25,,Closed,
907,12-Nov-25,,CT-02921,WO/48413,Welding & Painting,REDACTED,REDACTED,Team 2 ,$295.80 ,13-Nov-25,,Closed,
908,12-Nov-25,,IM-1-12664907947,WO/48415,Plumbing,REDACTED,REDACTED,T1 Plumbing,$351.00 ,13-Nov-25,,Closed,
909,12-Nov-25,,IM-1-12664796937,WO/48416,Plumbing,REDACTED,REDACTED,T1 Plumbing,$259.50 ,13-Nov-25,,Closed,
910,12-Nov-25,,RFS-1-12665889800,WO/48417,Carpentry FF,REDACTED,REDACTED,T1 Carpentry,$56.00 ,13-Nov-25,,Closed,
911,12-Nov-25,,IM-1-12660412490,WO/48418,Plumbing,REDACTED,REDACTED,Team 4,$77.50 ,20-Nov-25,,Closed,
912,12-Nov-25,,IM-1-126474266,WO/48420,Plumbing,REDACTED,REDACTED,Team 4,$108.10 ,24-Nov-25,,Closed,
913,12-Nov-25,,IM-1-12664858522,WO/48421,Carpentry FF,REDACTED,REDACTED,T1 Carpentry,$111.84 ,,,Rejected,
914,12-Nov-25,,RFS-1-12666094586,WO/48425,Welding & Painting,REDACTED,REDACTED,T1 Painting,$165.00 ,13-Nov-25,,Closed,
915,12-Nov-25,,CT-02927,WO/48411,Plumbing,REDACTED,REDACTED,T1 Plumbing,$411.00 ,13-Nov-25,,Approved,
916,12-Nov-25,,CT-02748,WO/48414,Carpentry RF,REDACTED,REDACTED,T1 Carpentry,$113.28 ,20-Nov-25,,Approved,
917,13-Nov-25,,"
RFS-1-12666829567 ",WO/48427,Carpentry RF,REDACTED,REDACTED,T1 Carpentry,$62.00 ,13-Nov-25,,Approved,
918,13-Nov-25,,IM-1-12647542179,WO/48426,Plumbing,REDACTED,REDACTED,T1 Plumbing,$203.16 ,13-Nov-25,,Approved,
919,13-Nov-25,,IM-1-12666957957,WO/48429,Plumbing,REDACTED,REDACTED,T1 Plumbing,$319.15 ,30-Nov-25,,Closed,
920,13-Nov-25,,RFS-1-12666830068,WO/48430,Plumbing,REDACTED,REDACTED,T1 Plumbing,$152.01 ,20-Nov-25,,Closed,
921,13-Nov-25,,RFS-1-12666829658,WO/48434,Carpentry FF,REDACTED,REDACTED,T1 Carpentry,$667.42 ,23-Nov-25,,Closed,
922,13-Nov-25,,IM-1-12635513999,WO/48437,Plumbing,REDACTED,REDACTED,Team 3,$108.00 ,20-Nov-25,,Closed,
923,13-Nov-25,,IM-1-12660413062,WO/48436,Plumbing,REDACTED,REDACTED,Team 3,$720.00 ,16-Nov-25,,Approved,
924,13-Nov-25,,IM-1-12604296708,WO/48342,Plumbing,REDACTED,REDACTED,T1 Plumbing,$384.00 ,14-Nov-25,,Closed,
925,13-Nov-25,,CT-02932,WO/48431,Plumbing,REDACTED,REDACTED,T1 Plumbing,$411.00 ,20-Nov-25,,Closed,
926,15-Nov-25,,IM-1-12668418736,WO/48448,Welding & Painting,REDACTED,REDACTED,T1 Painting,$331.40 ,20-Nov-25,,Closed,
927,15-Nov-25,,IM-1-12667852235,WO/48442,Carpentry FF,REDACTED,REDACTED,Team 2 ,$135.00 ,,,Closed,
928,15-Nov-25,,IM-1-12668418771,WO/48445,Welding & Painting,REDACTED,REDACTED,T1 Painting,$331.40 ,20-Nov-25,,Closed,
929,16-Nov-25,,IM-1-12667016069,WO/48444,Carpentry FF,REDACTED,REDACTED,T1 Carpentry,$42.00 ,20-Nov-25,,Closed,
930,16-Nov-25,,IM-1-12660413178,WO/48456,Welding & Painting,REDACTED,REDACTED,Welding,$190.40 ,24-Nov-25,,Closed,
931,16-Nov-25,,IM-1-12586439937,WO/48457,Carpentry FF,REDACTED,REDACTED,T1 Carpentry,$272.80 ,23-Nov-25,,Approved,
932,16-Nov-25,,IM-1-12667680358,WO/48455,Plumbing,REDACTED,REDACTED,T1 Plumbing,$86.25 ,20-Nov-25,,Approved,
933,16-Nov-25,,RFS-1-12668058681,WO/48459,Carpentry RF,REDACTED,REDACTED,T1 Carpentry,$748.20 ,,,Approved,
934,16-Nov-25,,IM-12667811042,WO/48461,Carpentry FF,REDACTED,REDACTED,T1 Carpentry,$113.28 ,20-Nov-25,,Closed,
935,16-Nov-25,,IM-1-12670888703,WO/48462,Carpentry FF,REDACTED,REDACTED,T1 Plumbing,$481.00 ,20-Nov-25,,Closed,
936,16-Nov-25,,CT-02933,WO/48432,Masonry,REDACTED,REDACTED,T1 Masonry,$179.00 ,20-Nov-25,,Closed,
937,16-Nov-25,,CT-02940,WO/48460,Plumbing,REDACTED,REDACTED,Team 5,$411.00 ,24-Nov-25,,Closed,
938,17-Nov-25,,IM-1-12671909753,WO/48476,Plumbing,REDACTED,REDACTED,T1 Plumbing,$108.15 ,20-Nov-25,,Closed,
939,17-Nov-25,,RFS-1-12672219771,WO/48474,Carpentry RF,REDACTED,REDACTED,Team 5,$212.50 ,20-Nov-25,,Closed,
940,17-Nov-25,,IM-1-12646826634,WO/48473,Welding & Painting,REDACTED,REDACTED,Welding,$105.96 ,23-Nov-25,,Closed,
941,17-Nov-25,,IM-1-12671225097,WO/48477,Carpentry FF,REDACTED,REDACTED,T1 Carpentry,$37.65 ,20-Nov-25,,Approved,
942,17-Nov-25,,CT-02947,WO/48479,Carpentry FF,REDACTED,REDACTED,T1 Carpentry,$436.36 ,20-Nov-25,,Approved,
943,17-Nov-25,,IM-1-12669615885,WO/48483,Plumbing,REDACTED,REDACTED,T1 Plumbing,$123.00 ,20-Nov-25,,Closed,
944,17-Nov-25,,RFS-1-12671998436,WO/48484,Plumbing,REDACTED,REDACTED,T1 Plumbing,$160.31 ,20-Nov-25,,Closed,
945,17-Nov-25,,RFS-1-12672219711,WO/48486,Plumbing,REDACTED,REDACTED,T1 Plumbing,$259.00 ,20-Nov-25,,Closed,
946,17-Nov-25,,CT-02948,WO/48480,Plumbing,REDACTED,REDACTED,T1 Plumbing,$279.00 ,20-Nov-25,,Closed,
947,17-Nov-25,,CT-02941,WO/48463,Welding & Painting,REDACTED,REDACTED,Welding,$129.00 ,20-Nov-25,,Approved,
948,17-Nov-25,,CT-02938,WO/48441,Plumbing,REDACTED,REDACTED,Team 3,$141.50 ,20-Nov-25,,Closed,
949,17-Nov-25,,IM-1-12671106473,WO/48465,Plumbing,REDACTED,REDACTED,T1 Plumbing,$259.00 ,20-Nov-25,,Closed,
950,17-Nov-25,,IM-1-12633752628,WO/48466,Carpentry RF,REDACTED,REDACTED,T1 Carpentry,$270.00 ,20-Nov-25,,Approved,
951,18-Nov-25,,IM-12673751704,WO/48500,Welding & Painting,REDACTED,REDACTED,Welding,$73.00 ,30-Nov-25,,Closed,
952,18-Nov-25,,RFS-1-12671998441,WO/48501,Carpentry FF,REDACTED,REDACTED,T1 Carpentry,$922.02 ,,,Rejected,
953,18-Nov-25,,CT-02949,WO/48497,Plumbing,REDACTED,REDACTED,Team 3,$753.15 ,18-Nov-25,,Closed,
954,18-Nov-25,,IM-1-12646826931,WO/48504,Plumbing,REDACTED,REDACTED,T1 Plumbing,$538.60 ,20-Nov-25,,Closed,
955,18-Nov-25,,IM-1-12646827358,WO/48503,Plumbing,REDACTED,REDACTED,T1 Plumbing,$223.45 ,20-Nov-25,,Closed,
956,18-Nov-25,,IM-1-12646826845,WO/48502,Plumbing,REDACTED,REDACTED,T1 Plumbing,$86.65 ,20-Nov-25,,Closed,
957,18-Nov-25,,IM-1-12668419318,WO/48505,Carpentry FF,REDACTED,REDACTED,T1 Carpentry,$661.42 ,23-Nov-25,,Closed,
958,18-Nov-25,,IM-1-12673751704,WO/48506,Carpentry FF,REDACTED,REDACTED,T1 Carpentry,$362.00 ,2-Dec-25,,Closed,
959,18-Nov-25,,CT-02939,WO/48495,Welding & Painting,REDACTED,REDACTED,Welding,$203.00 ,20-Nov-25,,Approved,
960,19-Nov-25,, CT-02952,WO/48510,Plumbing,REDACTED,REDACTED,T1 Plumbing,$294.00 ,20-Nov-25,,Closed,
961,19-Nov-25,,IM-1-12671106397,WO/48524,Carpentry RF,REDACTED,REDACTED,Team 3,$36.00 ,23-Nov-25,,Closed,
962,19-Nov-25,,RFS-1-12675891603,WO/48520,Carpentry RF,REDACTED,REDACTED,T1 Carpentry,$352.56 ,20-Nov-25,,Approved,
963,19-Nov-25,,RFS-1-12671998436,WO/48521,Masonry,REDACTED,REDACTED,T1 Masonry,$388.00 ,20-Nov-25,,Closed,
964,19-Nov-25,,CT-02957,WO/48526,Plumbing,REDACTED,REDACTED,T1 Plumbing,$327.00 ,23-Nov-25,,Closed,
965,19-Nov-25,,CT-02956,WO/48525,Plumbing,REDACTED,REDACTED,T1 Plumbing,$410.00 ,24-Nov-25,,Closed,
966,19-Nov-25,,CT-02959,WO/48532,Welding & Painting,REDACTED,REDACTED,T1 Painting,$152.80 ,20-Nov-25,,Closed,
967,19-Nov-25,,CT-02945,WO/48529,Carpentry RF,REDACTED,REDACTED,T1 Carpentry,$105.11 ,20-Nov-25,,Closed,
968,19-Nov-25,,CT-02951,WO/48522,Welding & Painting,REDACTED,REDACTED,Welding,$453.50 ,20-Nov-25,,Closed,
969,19-Nov-25,,CT-12943,WO/48489,Plumbing,REDACTED,REDACTED,Team 4,$75.00 ,20-Nov-25,,Closed,
970,20-Nov-25,,RFS-1-12675891598,WO/48550,Plumbing,REDACTED,REDACTED,T1 Plumbing,$62.40 ,20-Nov-25,,Closed,
971,20-Nov-25,,CT-02958,WO/48528,Welding & Painting,REDACTED,REDACTED,T1 Painting,$487.80 ,20-Nov-25,,Closed,
972,20-Nov-25,,CT-02958,WO/48540,Carpentry RF,REDACTED,REDACTED,T1 Carpentry,$700.60 ,20-Nov-25,,Approved,
973,20-Nov-25,,CT-02961,WO/48539,Plumbing,REDACTED,REDACTED,T1 Plumbing,$644.64 ,20-Nov-25,,Closed,
974,22-Nov-25,,CT-02968,WO/48554,Plumbing,REDACTED,REDACTED,T1 Plumbing,$106.00 ,23-Nov-25,,Approved,
975,22-Nov-25,,IM-1-12676951312,WO/48552,Carpentry FF,REDACTED,REDACTED,T1 Carpentry,$95.64 ,24-Nov-25,,Closed,
976,22-Nov-25,,IM-1-12635255754,WO/48557,Carpentry RF,REDACTED,REDACTED,Team 4,$36.25 ,23-Nov-25,,Closed,
977,22-Nov-25,,RFS-1-12671106065,WO/48555,Carpentry FF,REDACTED,REDACTED,Team 4,$68.34 ,23-Nov-25,,Approved,
978,22-Nov-25,,RFS-1-126685889780,WO/48553,Carpentry FF,REDACTED,REDACTED,Team 4,$278.76 ,,,Rejected,
979,22-Nov-25,,RFS-1-12673150747,WO/48556,Carpentry RF,REDACTED,REDACTED,Team 4,$312.00 ,23-Nov-25,,Closed,
980,22-Nov-25,,RFS-1-12677018212,WO/48558,Carpentry FF,REDACTED,REDACTED,Team 3,$60.00 ,23-Nov-25,,Closed,
981,22-Nov-25,,IM-1-12677378547,WO/48560,Masonry,REDACTED,REDACTED,Team 3,"$1,351.90 ",23-Nov-25,,Closed,
982,22-Nov-25,,RFS-1-12677092963,WO/48559,Carpentry FF,REDACTED,REDACTED,Team 3,$122.32 ,23-Nov-25,,Approved,
983,22-Nov-25,,CT-02946,WO/48478,Welding & Painting,REDACTED,REDACTED,T1 Painting,$624.00 ,23-Nov-25,,Closed,
984,23-Nov-25,,CT-02973,WO/48568,Plumbing,REDACTED,REDACTED,Team 4,$833.56 ,24-Nov-25,,Closed,
985,23-Nov-25,,CT-02973,WO/48569,Plumbing,REDACTED,REDACTED,Team 4,$244.00 ,24-Nov-25,,Closed,
986,23-Nov-25,,CT-02974,WO/48570,Plumbing,REDACTED,REDACTED,T1 Plumbing,$123.00 ,24-Nov-25,,Approved,
987,24-Nov-25,,IM-1-12680310266,WO/48574,Carpentry RF,REDACTED,REDACTED,T1 Carpentry,$264.00 ,26-Nov-25,,Closed,
988,24-Nov-25,,RFS-1-12670384271,WO/48572,Carpentry FF,REDACTED,REDACTED,Team 4,$160.00 ,24-Nov-25,,Closed,
989,24-Nov-25,,IM-1-12678029777,WO/48573,Masonry,REDACTED,REDACTED,Team 3,$425.00 ,24-Nov-25,,Approved,
990,24-Nov-25,,IM-1-12680084269,WO/48583,Plumbing,REDACTED,REDACTED,T1 Plumbing,$132.00 ,26-Nov-25,,Closed,
991,24-Nov-25,,RFS-1-12679343245,WO/48582,Plumbing,REDACTED,REDACTED,T1 Plumbing,$434.66 ,27-Nov-25,,Approved,
992,24-Nov-25,,RFS-1-12678029741,WO/48580,Plumbing,REDACTED,REDACTED,T1 Plumbing,$151.00 ,26-Nov-25,,Closed,
993,24-Nov-25,,CT-02975,WO/48571,Plumbing,REDACTED,REDACTED,Team 4,$123.00 ,24-Nov-25,,Closed,
994,24-Nov-25,,IM-1-12678029492,WO/48577,Plumbing,REDACTED,REDACTED,Team 2 ,$260.00 ,24-Nov-25,,Closed,
995,25-Nov-25,,RFS-1-12680606384,WO/48587,Plumbing,REDACTED,REDACTED,Team 2 ,$454.25 ,26-Nov-25,,Closed,
996,25-Nov-25,, RFS-1-12680605989 ,WO/48588,Carpentry RF,REDACTED,REDACTED,Team 2 ,$61.00 ,26-Nov-25,,Closed,
997,25-Nov-25,,RFS-1-12675094315 ,WO/48590,Plumbing,REDACTED,REDACTED,Team 2 ,$190.00 ,26-Nov-25,,Closed,
998,25-Nov-25,,RFS-1-12679343380,WO/48595,Masonry,REDACTED,REDACTED,Team 2 ,$167.50 ,26-Nov-25,,Closed,
999,25-Nov-25,,CT-02982,WO/48606,Plumbing,REDACTED,REDACTED,Team 4,$411.00 ,25-Nov-25,,Closed,
1000,25-Nov-25,,CT-02934,WO/48603,Plumbing,REDACTED,REDACTED,Team 4,$411.00 ,25-Nov-25,,Closed,
1001,25-Nov-25,,RFS-1-12680734047,WO/48601,Masonry,REDACTED,REDACTED,T1 Masonry,$341.00 ,4-Dec-25,,Closed,
1002,25-Nov-25,,RFS-1-12680734047,WO/48607,Plumbing,REDACTED,REDACTED,T1 Plumbing,,5-Dec-25,,Closed,
1003,25-Nov-25,,IM-12681070741,WO/48608,Plumbing,REDACTED,REDACTED,T1 Plumbing,$193.93 ,26-Nov-25,,Closed,
1004,25-Nov-25,,RFS-1-12681350406,WO/48604,Plumbing,REDACTED,REDACTED,T1 Plumbing,$294.50 ,26-Nov-25,,Closed,
1005,25-Nov-25,,RFS-1-12678451827,WO/48589,Carpentry FF,REDACTED,REDACTED,T1 Carpentry,$163.64 ,26-Nov-25,,Closed,
1006,25-Nov-25,,RFS-1-12679343461,WO/48599,Plumbing,REDACTED,REDACTED,T1 Plumbing,$640.00 ,26-Nov-25,,Approved,
1007,25-Nov-25,,IM-1-12680084180,WO/48594,Plumbing,REDACTED,REDACTED,T1 Plumbing,$309.00 ,2-Dec-25,,Closed,
1008,25-Nov-25,,IM-1-12680084154,WO/48591,Plumbing,REDACTED,REDACTED,T1 Plumbing,$886.00 ,26-Nov-25,,Closed,
1009,25-Nov-25,,RFS-1-12680606075,WO/48611,Masonry,REDACTED,REDACTED,Team 4,"$1,998.52 ",,,Rejected,
1010,25-Nov-25,,IM-1-12680083977,WO/48610,Masonry,REDACTED,REDACTED,Team 4,"$1,697.40 ",,,Rejected,
1011,25-Nov-25,,IM-1-12680771707,WO/48609,Plumbing,REDACTED,REDACTED,Team 4,$592.30 ,26-Nov-25,,Closed,
1012,25-Nov-25,,IM-1-12680083977,WO/48615,Plumbing,REDACTED,REDACTED,Team 4,"$3,344.93 ",26-Nov-25,,Rejected,
1013,25-Nov-25,,RFS-1-1281350103,WO/48618,Plumbing,REDACTED,REDACTED,T1 Plumbing,$68.80 ,26-Nov-25,,Closed,
1014,25-Nov-25,,CT-02981,WO/48585,Carpentry RF,REDACTED,REDACTED,T1 Carpentry,"$1,834.40 ",25-Nov-25,,Closed,
1015,25-Nov-25,,CT-02983,WO/48612,Plumbing,REDACTED,REDACTED,Team 5,$544.56 ,26-Nov-25,,Closed,
1016,25-Nov-25,,CT-02987,WO/48620,Masonry,REDACTED,REDACTED,Team 3,$156.00 ,26-Nov-25,,Closed,
1017,26-Nov-25,,IM-1-12666957957,WO/48644,Masonry,REDACTED,REDACTED,T1 Masonry,"$1,408.20 ",7-Dec-25,,Closed,
1018,26-Nov-25,,IM-1-12554231464,WO/48629,Plumbing,REDACTED,REDACTED,Team 3,$108.80 ,27-Nov-25,,Closed,
1019,26-Nov-25,,IM-1-12673751678,WO/48637,Plumbing,REDACTED,REDACTED,Team 3,$270.50 ,27-Nov-25,,Closed,
1020,26-Nov-25,,IM-12678083022,WO/48632,Carpentry RF,REDACTED,REDACTED,Team 3,$404.00 ,27-Nov-25,,Approved,
1021,26-Nov-25,,IM-1-12564589822,WO/48624,Plumbing,REDACTED,REDACTED,Team 3,$413.60 ,27-Nov-25,,Closed,
1022,26-Nov-25,,RFS-1-12680605807,WO/48640,Plumbing,REDACTED,REDACTED,T1 Plumbing,$163.85 ,27-Nov-25,,Closed,
1023,26-Nov-25,,RFS-1-12682515170,WO/48641,Plumbing,REDACTED,REDACTED,T1 Plumbing,$318.00 ,27-Nov-25,,Closed,
1024,26-Nov-25,,IM-1-12677567018,WO/48642,Carpentry FF,REDACTED,REDACTED,T1 Carpentry,$112.25 ,27-Nov-25,,Approved,
1025,26-Nov-25,,RFS-1-12682017474,WO/48643,Masonry,REDACTED,REDACTED,T1 Masonry,$210.00 ,27-Nov-25,,Closed,
1026,26-Nov-25,,RFS-1-12682169108,WO/48639,Welding & Painting,REDACTED,REDACTED,T1 Painting,$433.20 ,27-Nov-25,,Closed,
1027,26-Nov-25,,RFS-1-12680310221,WO/48634,Masonry,REDACTED,REDACTED,Team 4,$12.00 ,27-Nov-25,,Approved,
1028,26-Nov-25,,IM-1-12677378624,WO/48633,Plumbing,REDACTED,REDACTED,Team 3,$559.48 ,27-Nov-25,,Closed,
1029,26-Nov-25,,IM-1-12675093493,WO/48628,Plumbing,REDACTED,REDACTED,Team 3,$190.50 ,27-Nov-25,,Closed,
1030,26-Nov-25,,CT-02963,WO/48551,Carpentry RF,REDACTED,REDACTED,T1 Carpentry,"$1,473.40 ",26-Nov-25,,Closed,
1031,27-Nov-25,,RFS-1-12683356497,WO/48648,Plumbing,REDACTED,REDACTED,T1 Plumbing,$350.70 ,27-Nov-25,,Closed,
1032,27-Nov-25,,RFS-1-12683316473,WO/48649,Welding & Painting,REDACTED,REDACTED,Welding,"$1,473.40 ",27-Nov-25,,Closed,
1033,27-Nov-25,,RFS-1-12680733977,WO/48652,Welding & Painting,REDACTED,REDACTED,Welding,"$1,152.40 ",,,Approved,
1034,27-Nov-25,,RFS-1-12683668062,WO/48657,Plumbing,REDACTED,REDACTED,T1 Plumbing,$244.00 ,30-Nov-25,,Closed,
1035,27-Nov-25,,RFS-1-12683668062,WO/48656,Plumbing,REDACTED,REDACTED,T1 Plumbing,$834.46 ,11-Dec-25,,Closed,
1036,27-Nov-25,,IM-1-12673845058,WO/48658,Welding & Painting,REDACTED,REDACTED,Team 3,$865.10 ,3-Dec-25,,Approved,
1037,27-Nov-25,,IM-1-12673845058,WO/48659,Carpentry FF,REDACTED,REDACTED,Team 3,$700.80 ,3-Dec-25,,Approved,
1038,27-Nov-25,,IM-1-12681070949,WO/48660,Carpentry RF,REDACTED,REDACTED,Team 3,$641.10 ,7-Dec-25,,Closed,
1039,27-Nov-25,,IM-1-12681070706,WO/48661,Plumbing,REDACTED,REDACTED,Team 3,$199.34 ,30-Nov-25,,Closed,
1040,27-Nov-25,,CT-02996,WO/48647,Plumbing,REDACTED,REDACTED,Team 4,$420.00 ,27-Nov-25,,Closed,
1041,27-Nov-25,,CT-02988,WO/48655,Carpentry RF,REDACTED,REDACTED,T1 Carpentry,$61.50 ,27-Nov-25,,Closed,
1042,27-Nov-25,,CT-02994,WO/48651,Carpentry RF,REDACTED,REDACTED,T1 Carpentry,$461.40 ,27-Nov-25,,Approved,
1043,27-Nov-25,,CT-02997,WO/48653,Welding & Painting,REDACTED,REDACTED,T1 Painting,$270.90 ,27-Nov-25,,Closed,
1044,28-Nov-25,,RFS-1-12684734148,WO/48662,Carpentry FF,REDACTED,REDACTED,T1 Carpentry,$150.00 ,30-Nov-25,,Closed,
1045,29-Nov-25,,RFS-1-12685116083,WO/48666,Plumbing,REDACTED,REDACTED,T1 Plumbing,$310.41 ,30-Nov-25,,Closed,
1046,29-Nov-25,,RFS-1-12684920934,WO/48665,Plumbing,REDACTED,REDACTED,T1 Carpentry,$56.00 ,30-Nov-25,,Approved,
1047,29-Nov-25,,RFS-1-12682571736,WO/48664,Masonry,REDACTED,REDACTED,T1 Masonry,"$1,022.50 ",30-Nov-25,,Closed,
1048,29-Nov-25,,IM-1-12620421239,WO/48663,Plumbing,REDACTED,REDACTED,Team 3,$246.12 ,30-Nov-25,,Closed,
1049,29-Nov-25,,RFS-1-12685392490,WO/48669,Plumbing,REDACTED,REDACTED,T1 Plumbing,$196.50 ,30-Nov-25,,Closed,
1050,29-Nov-25,,CT-02999,WO/48671,Plumbing,REDACTED,REDACTED,T1 Plumbing,$294.00 ,30-Nov-25,,Closed,
1051,29-Nov-25,,RFS-1-12682571797,WO/48675,Welding & Painting,REDACTED,REDACTED,Welding,$105.00 ,30-Nov-25,,Closed,
1052,29-Nov-25,,RFS-1-12679669429,WO/48674,Plumbing,REDACTED,REDACTED,T1 Plumbing,$371.00 ,30-Nov-25,,Closed,
1053,30-Nov-25,,RFS-1-12684788817,WO/48683,Carpentry FF,REDACTED,REDACTED,T1 Carpentry,$180.25 ,2-Dec-25,,Closed,
1054,30-Nov-25,,RFS-1-12688739272,WO/48686,Plumbing,REDACTED,REDACTED,T1 Plumbing,$279.50 ,1-Dec-25,,Closed,
1055,1-Dec-25,,RFS-1-12688738521,WO/48692,Plumbing,REDACTED,REDACTED,T1 Plumbing,$203.16 ,2-Dec-25,,Closed,
1056,1-Dec-25,,IM-1-12681070811,WO/48708,Carpentry FF,REDACTED,REDACTED,T1 Carpentry,$540.44 ,1-Dec-25,,Closed,
1057,1-Dec-25,,IM-1-12685317821,WO/48707,Carpentry FF,REDACTED,REDACTED,T1 Carpentry,$430.20 ,2-Dec-25,,Closed,
1058,1-Dec-25,,RFS-1-12671998436,WO/48706,Carpentry FF,REDACTED,REDACTED,T1 Carpentry,$599.88 ,2-Dec-25,,Closed,
1059,1-Dec-25,,IM-1-12680733695,WO/48705,Carpentry FF,REDACTED,REDACTED,T1 Carpentry,$587.04 ,2-Dec-25,,Closed,
1060,1-Dec-25,,IM-1-12688750921,WO/48704,Welding & Painting,REDACTED,REDACTED,T1 Painting,$142.40 ,2-Dec-25,,Closed,
1061,1-Dec-25,,CT-03005,WO/48687,Plumbing,REDACTED,REDACTED,Team 4,$276.40 ,1-Dec-25,,Closed,
1062,1-Dec-25,,RFS-1-12682016566,WO/48693,Carpentry RF,REDACTED,REDACTED,Team 2 ,$348.00 ,1-Dec-25,,Closed,
1063,1-Dec-25,,CT-03012,WO/48709,Plumbing,REDACTED,REDACTED,Team 2 ,$846.12 ,1-Dec-25,,Closed,
1064,1-Dec-25,,CT-03012,WO/48710,Plumbing,REDACTED,REDACTED,Team 2 ,$244.00 ,1-Dec-25,,Closed,
1065,1-Dec-25,,CT-03006,WO/48694,Plumbing,REDACTED,REDACTED,Team 3,$123.00 ,1-Dec-25,,Closed,
1066,1-Dec-25,,CT-03006,WO/48690,Plumbing,REDACTED,REDACTED,Team 3,$417.70 ,2-Dec-25,,Closed,
1067,1-Dec-25,,IM-1-12688863157,WO/48713,Plumbing,REDACTED,REDACTED,T1 Plumbing,$110.44 ,2-Dec-25,,Closed,
1068,2-Dec-25,,IM-1-12680310011,WO/48724,Welding & Painting,REDACTED,REDACTED,Team 4,"$1,097.40 ",3-Dec-25,,Approved,
1069,2-Dec-25,,RFS-12681382562,WO/48726,Welding & Painting,REDACTED,REDACTED,Team 4,$131.50 ,3-Dec-25,,Closed,
1070,2-Dec-25,,RFS-12673018413,WO/48727,Carpentry RF,REDACTED,REDACTED,Team 4,$324.00 ,,,Rejected,
1071,2-Dec-25,,IM-1-12691940028,WO/48733,Plumbing,REDACTED,REDACTED,T1 Plumbing,$271.25 ,3-Dec-25,,Closed,
1072,2-Dec-25,,RFS-1-12688659746,WO/48737,Carpentry RF,REDACTED,REDACTED,Team 3,$372.00 ,3-Dec-25,,Approved,
1073,2-Dec-25,,RFS-1-12690864898,WO/48736,Welding & Painting,REDACTED,REDACTED,T1 Painting,$402.60 ,3-Dec-25,,Closed,
1074,2-Dec-25,,CT-03014,WO/48716,Plumbing,REDACTED,REDACTED,Team 4,$422.06 ,2-Dec-25,,Closed,
1075,2-Dec-25,,IM-1-12681070811,WO/48722,Carpentry FF,REDACTED,REDACTED,T1 Carpentry,$652.84 ,2-Dec-25,,Closed,
1076,2-Dec-25,,CT-03004,WO/48731,Carpentry RF,REDACTED,REDACTED,T1 Carpentry,$214.56 ,2-Dec-25,,Closed,
1077,2-Dec-25,,CT-03017,WO/48730,Welding & Painting,REDACTED,REDACTED,T1 Painting,$154.40 ,2-Dec-25,,Approved,
1078,2-Dec-25,,CT-03002,WO/48684,Masonry,REDACTED,REDACTED,T1 Masonry,$436.00 ,2-Dec-25,,Closed,
1079,2-Dec-25,,IM-1-12680733695,WO/48720,Carpentry FF,REDACTED,REDACTED,T1 Carpentry,$640.68 ,2-Dec-25,,Closed,
1080,2-Dec-25,,RFS-1-12685317821,WO/48719,Carpentry FF,REDACTED,REDACTED,T1 Carpentry,$342.06 ,2-Dec-25,,Closed,
1081,2-Dec-25,,CT-03014,WO/48718,Plumbing,REDACTED,REDACTED,Team 4,$123.00 ,2-Dec-25,,Closed,
1082,3-Dec-25,, IM-1-12690004037,WO/48753,Plumbing,REDACTED,REDACTED,Team 2 ,$200.00 ,4-Dec-25,,Closed,
1083,3-Dec-25,,RFS-1-12683947682,"WO/48763",Plumbing,REDACTED,REDACTED,Team 5,$935.50 ,4-Dec-25,,Closed,
1084,3-Dec-25,,RFS-1-12688660271,WO/48761,Carpentry RF,REDACTED,REDACTED,Team 2 ,$717.04 ,4-Dec-25,,Closed,
1085,3-Dec-25,,RFS-1-12680972989,WO/48759,Carpentry FF,REDACTED,REDACTED,Team 2 ,$89.04 ,4-Dec-25,,Closed,
1086,3-Dec-25,,RFS-1-12688858581,"WO/48758",Masonry,REDACTED,REDACTED,Team 2 ,$412.50 ,4-Dec-25,,Closed,
1087,3-Dec-25,,RFS-1-12690004154,"WO/48755",Carpentry RF,REDACTED,REDACTED,,$56.25 ,4-Dec-25,,Closed,
1088,3-Dec-25,,RFS-1-12688858651,WO/48775,Carpentry RF,REDACTED,REDACTED,T1 Carpentry,$738.00 ,7-Dec-25,,Closed,
1089,3-Dec-25,,RFS-1-12692577317,WO/48774,Carpentry FF,REDACTED,REDACTED,T1 Carpentry,$110.64 ,7-Dec-25,,Closed,
1090,3-Dec-25,,IM-1-12633631680,WO/48773,Carpentry FF,REDACTED,REDACTED,T1 Carpentry,$74.64 ,7-Dec-25,,Closed,
1091,3-Dec-25,,IM-1-12690092851,WO/48772,Carpentry RF,REDACTED,REDACTED,T1 Carpentry,$839.50 ,7-Dec-25,,Closed,
1092,3-Dec-25,,RFS-1-12681983024,WO/48746,Carpentry FF,REDACTED,REDACTED,Team 4,$215.00 ,,,Rejected,
1093,3-Dec-25,,RFS-1-12681983024,WO/48748,Plumbing,REDACTED,REDACTED,Team 4,$298.00 ,,,Rejected,
1094,3-Dec-25,,CT-03023,WO/48770,Welding & Painting,REDACTED,REDACTED,T1 Painting,$475.40 ,3-Dec-25,,Closed,
1095,3-Dec-25,,CTAL-124223,WO/48742,Masonry,REDACTED,REDACTED,Aljazeera II,$473.90 ,4-Dec-25,,Closed,
1096,3-Dec-25,,CTAL-124226 ,WO/48757,Carpentry RF,REDACTED,REDACTED,Aljazeera II,$90.00 ,4-Dec-25,,Closed,
1097,3-Dec-25,,CTAL-124225,WO/48752,Carpentry RF,REDACTED,REDACTED,Aljazeera II,$105.00 ,4-Dec-25,,Closed,
1098,3-Dec-25,,RFS-1-12566258891,WO/48754,Masonry,REDACTED,REDACTED,Team 4,$187.50 ,4-Dec-25,,Closed,
1099,3-Dec-25,,IM-1-12617138517,WO/48756,Masonry,REDACTED,REDACTED,Team 4,$124.50 ,3-Dec-25,,Approved,
1100,3-Dec-25,,RFS-1-12685318094,WO/48762,Carpentry FF,REDACTED,REDACTED,Team 4,$257.00 ,3-Dec-25,,Approved,
1101,3-Dec-25,,RFS-1-12686508313,WO/48745,Plumbing,REDACTED,REDACTED,Team 4,$279.50 ,3-Dec-25,,Closed,1
1102,4-Dec-25,,RFS-1-12683706867,WO/48798,Plumbing,REDACTED,REDACTED,T1 Plumbing,"$2,841.21 ",,,Rejected,
1103,4-Dec-25,,RFS-1-12694698912,WO/48793,Plumbing,REDACTED,REDACTED,T1 Plumbing,$401.55 ,7-Dec-25,,Closed,
1104,4-Dec-25,,IM-1-12694129614,WO/48795,Plumbing,REDACTED,REDACTED,T1 Plumbing,$70.00 ,7-Dec-25,,Closed,
1105,4-Dec-25,,CT-03035,WO/48787,Plumbing,REDACTED,REDACTED,T1 Plumbing,$359.90 ,4-Dec-25,,Closed,
1106,4-Dec-25,,CT-03034,WO/48785,Plumbing,REDACTED,REDACTED,T1 Plumbing,$209.70 ,4-Dec-25,,Closed,
1107,4-Dec-25,,CT-03030,WO/48779,Plumbing,REDACTED,REDACTED,T1 Plumbing,$354.25 ,4-Dec-25,,Closed,
1108,4-Dec-25,,CT-03036,WO/48788,Plumbing,REDACTED,REDACTED,T1 Plumbing,$181.50 ,4-Dec-25,,Closed,
1109,4-Dec-25,,CT-03033,WO/48784,Plumbing,REDACTED,REDACTED,T1 Plumbing,$118.00 ,4-Dec-25,,Closed,
1110,4-Dec-25,,CT-03029,WO/48778,Plumbing,REDACTED,REDACTED,T1 Plumbing,$112.00 ,4-Dec-25,,Approved,
1111,4-Dec-25,,CT-03031,WO/48781,Plumbing,REDACTED,REDACTED,T1 Plumbing,$260.85 ,4-Dec-25,,Closed,
1112,4-Dec-25,,CT-03032,WO/48783,Plumbing,REDACTED,REDACTED,T1 Plumbing,$355.45 ,4-Dec-25,,Closed,
1113,4-Dec-25,,CT-03024,WO/48797,Carpentry RF,REDACTED,REDACTED,T1 Carpentry,$280.20 ,4-Dec-25,,Closed,
1114,4-Dec-25,,CT-03027,WO/48791,Carpentry RF,REDACTED,REDACTED,T1 Carpentry,$292.20 ,4-Dec-25,,Closed,
1115,4-Dec-25,,IM-1-12694276973 ,"WO/48802",Plumbing,REDACTED,REDACTED,T1 Plumbing,$720.00 ,4-Dec-25,,Closed,
1116,5-Dec-25,,IM-1-12667852199,WO/48805,Carpentry RF,REDACTED,REDACTED,Team 2 ,$45.00 ,7-Dec-25,,Closed,
1117,6-Dec-25,,RFS-1-12690590861,WO/48807,Welding & Painting,REDACTED,REDACTED,Welding,$190.00 ,,,Pending Approval,
1118,6-Dec-25,,IM-1-12692298410,WO/48808,Welding & Painting,REDACTED,REDACTED,Welding,"$1,333.40 ",7-Dec-25,,Closed,
1119,6-Dec-25,,RFS-1-12695463119,WO/48810,Carpentry RF,REDACTED,REDACTED,T1 Carpentry,$343.50 ,7-Dec-25,,Approved,
1120,6-Dec-25,,RFS-1-12695463125,WO/48809,Carpentry RF,REDACTED,REDACTED,T1 Carpentry,$339.00 ,7-Dec-25,,Approved,
1121,6-Dec-25,,RFS-1-12695272649,WO/48812,Carpentry RF,REDACTED,REDACTED,T1 Carpentry,"$1,010.10 ",7-Dec-25,,Closed,
1122,6-Dec-25,,RFS-1-12694565694,WO/48815,Plumbing,REDACTED,REDACTED,T1 Plumbing,"$1,640.15 ",7-Dec-25,,Closed,
1123,7-Dec-25,,RFS-1-12666556335,WO/48824,Welding & Painting,REDACTED,REDACTED,Welding,$369.40 ,9-Dec-25,,Closed,
1124,7-Dec-25,,IM-1-12692900442,WO/48822,Plumbing,REDACTED,REDACTED,T1 Plumbing,$228.16 ,9-Dec-25,,Closed,
1125,7-Dec-25,,CT-03047,WO/48826,Plumbing,REDACTED,REDACTED,T1 Plumbing,"$2,107.20 ",9-Dec-25,,Closed,
1126,7-Dec-25,,RFS-1-1269550351,WO/48828,Carpentry RF,REDACTED,REDACTED,Team 4,$300.00 ,9-Dec-25,,Approved,
1127,7-Dec-25,,IM-1-12692708311,WO/48829,Carpentry RF,REDACTED,REDACTED,Team 3,$312.00 ,9-Dec-25,,Closed,
1128,7-Dec-25,,IM-1-12692899611,WO/48830,Plumbing,REDACTED,REDACTED,T1 Carpentry,$331.90 ,9-Dec-25,,Closed,
1129,7-Dec-25,,IM-1-12684479935,WO/48831,Plumbing,REDACTED,REDACTED,Team 3,$260.00 ,9-Dec-25,,Closed,
1130,7-Dec-25,,RFS-1-12695273112,WO/48835,Carpentry FF,REDACTED,REDACTED,T1 Carpentry,$138.39 ,9-Dec-25,,Closed,
1131,7-Dec-25,,RFS-1-12695463377,WO/48836,Carpentry FF,REDACTED,REDACTED,T1 Carpentry,$126.84 ,9-Dec-25,,Closed,
1132,8-Dec-25,,RFS-1-12645519381,WO/48848,Carpentry FF,REDACTED,REDACTED,Welding,$473.60 ,30-Dec-25,,Closed,
1133,8-Dec-25,,RFS-1-12696509252,WO/48850,Plumbing,REDACTED,REDACTED,T1 Plumbing,$330.00 ,9-Dec-25,,Closed,
1134,8-Dec-25,,RFS-1-12698203402,WO/48845,Welding & Painting,REDACTED,REDACTED,Welding,"$1,500.00 ",14-Dec-25,,Approved,
1135,8-Dec-25,,IM-1-12693042497,WO/48792,Plumbing,REDACTED,REDACTED,T1 Plumbing,,7-Dec-25,,Closed,
1136,8-Dec-25,,RFS-1-12694129873,WO/48858,Carpentry RF,REDACTED,REDACTED,T1 Carpentry,$100.84 ,9-Dec-25,,Closed,
1137,8-Dec-25,,RFS-1-12698212797,WO/48857,Plumbing,REDACTED,REDACTED,T1 Plumbing,$263.00 ,9-Dec-25,,Closed,
1138,8-Dec-25,,RFS-1-12698212873,WO/48859,Plumbing,REDACTED,REDACTED,T1 Plumbing,$279.50 ,9-Dec-25,,Closed,
1139,8-Dec-25,,CT-03050,WO/48844,Carpentry RF,REDACTED,REDACTED,T1 Carpentry,"$1,920.90 ",9-Dec-25,,Closed,
1140,8-Dec-25,,RFS-1-12698877250,WO/48861,Plumbing,REDACTED,REDACTED,T1 Plumbing,$126.50 ,9-Dec-25,,Closed,
1141,8-Dec-25,,CT-03015,WO/48847,Carpentry RF,REDACTED,REDACTED,T1 Carpentry,$77.30 ,9-Dec-25,,Approved,
1142,8-Dec-25,,RFS-1-12699186938,WO/48860,Welding & Painting,REDACTED,REDACTED,T1 Painting,"$1,960.80 ",9-Dec-25,,Closed,
1143,9-Dec-25,,IM-1-12692899638,WO/48870,Plumbing,REDACTED,REDACTED,Team 4,$322.00 ,10-Dec-25,,Closed,
1144,9-Dec-25,,RFS-1-12699088495,WO/48872,Plumbing,REDACTED,REDACTED,Team 4,$546.00 ,11-Dec-25,,Closed,
1145,9-Dec-25,,IM-1-12698217503,WO/48873,Plumbing,REDACTED,REDACTED,Team 4,$159.00 ,10-Dec-25,,Closed,
1146,9-Dec-25,,IM-1-12698217529,WO/48874,Plumbing,REDACTED,REDACTED,Team 4,$30.00 ,10-Dec-25,,Closed,
1147,9-Dec-25,,IM-1-12700002012,WO/48877,Plumbing,REDACTED,REDACTED,T1 Plumbing,$259.50 ,10-Dec-25,,Closed,
1148,9-Dec-25,,IM-1-12694129634,WO/48854,Carpentry RF,REDACTED,REDACTED,T1 Carpentry,$65.64 ,9-Dec-25,,Closed,
1149,9-Dec-25,,CT-03054,WO/48868,Plumbing,REDACTED,REDACTED,Team 3,$538.78 ,9-Dec-25,,Closed,
1150,9-Dec-25,,CT-03026,WO/48843,Carpentry RF,REDACTED,REDACTED,T1 Carpentry,$226.56 ,9-Dec-25,,Closed,
1151,10-Dec-25,,IM-1-12700194865,WO/48884,Plumbing,REDACTED,REDACTED,T1 Plumbing,$259.50 ,14-Dec-25,,Closed,
1152,10-Dec-25,,RFS-1-12700002455,WO/48887,Carpentry FF,REDACTED,REDACTED,T1 Carpentry,$114.65 ,14-Dec-25,,Closed,
1153,10-Dec-25,,12698877250,WO/48890,Plumbing,REDACTED,REDACTED,T1 Plumbing,$631.00 ,10-Dec-25,,Closed,
1154,11-Dec-25,,IM-1-12700243933,WO/48903,Plumbing,REDACTED,REDACTED,T1 Plumbing,$301.50 ,14-Dec-25,,Closed,
1155,11-Dec-25,,RFS-1-12702181731,WO/48902,Plumbing,REDACTED,REDACTED,T1 Plumbing,$261.25 ,11-Dec-25,,Closed,
1156,11-Dec-25,,IM-1-12692525168,WO/48898,Carpentry RF,REDACTED,REDACTED,Team 4,$336.00 ,11-Dec-25,,Approved,
1157,11-Dec-25,,IM-1-12697499169,WO/48894,Carpentry FF,REDACTED,REDACTED,Team 4,$28.80 ,11-Dec-25,,Closed,
1158,11-Dec-25,,IM-12697297264,WO/48901,Carpentry RF,REDACTED,REDACTED,Team 4,$336.00 ,11-Dec-25,,Approved,
1159,11-Dec-25,,IM-1-12697498654,WO/48899,Carpentry FF,REDACTED,REDACTED,Team 4,$100.00 ,14-Dec-25,,Closed,
1160,11-Dec-25,,RFS-1-12702181772,WO/48911,Welding & Painting,REDACTED,REDACTED,T1 Painting,$456.00 ,14-Dec-25,,Closed,
1161,11-Dec-25,,IM-1-12466275854,WO/48913,Masonry,REDACTED,REDACTED,T1 Masonry,"$1,338.00 ",,,Rejected,
1162,11-Dec-25,,IM-1-12692524519,WO/48896,Carpentry RF,REDACTED,REDACTED,Team 4,$374.40 ,11-Dec-25,,Approved,
1163,11-Dec-25,,RFS-1-12700672647,WO/48914,Welding & Painting,REDACTED,REDACTED,T1 Painting,$315.40 ,14-Dec-25,,Approved,
1164,11-Dec-25,,CT-03025,WO/48906,Carpentry RF,REDACTED,REDACTED,T1 Carpentry,$166.92 ,11-Dec-25,,Rejected,
1165,13-Dec-25,,RFS-1-12702417454,WO/48915,Welding & Painting,REDACTED,REDACTED,Team 3,"$1,183.80 ",14-Dec-25,,Closed,
1166,13-Dec-25,,IM-1-12699419811,WO/48937,Masonry,REDACTED,REDACTED,Team 4,$948.70 ,14-Dec-25,,Closed,
1167,13-Dec-25,,RFS-1-1268650822,WO/48944,Carpentry FF,REDACTED,REDACTED,Team 4,$96.00 ,14-Dec-25,,Closed,
1168,13-Dec-25,,RFS-1-12697498867,WO/48942,Masonry,REDACTED,REDACTED,Team 4,"$1,153.80 ",,,Rejected,
1169,13-Dec-25,,RFS-1-12700672564,WO/48941,Masonry,REDACTED,REDACTED,Team 4,$142.50 ,14-Dec-25,,Closed,
1170,13-Dec-25,,IM-1-12704213905,WO/48922,Carpentry FF,REDACTED,REDACTED,T1 Carpentry,$160.00 ,14-Dec-25,,Closed,
1171,13-Dec-25,,RFS-1-12700195413,WO/48932,Plumbing,REDACTED,REDACTED,Team 3,$119.90 ,14-Dec-25,,Closed,
1172,13-Dec-25,,IM-1-12697297440,WO/48952,Plumbing,REDACTED,REDACTED,Team 2 ,$453.50 ,14-Dec-25,,Closed,
1173,13-Dec-25,,RFS-1-12706022029,WO/48951,Plumbing,REDACTED,REDACTED,Team 3,$720.50 ,14-Dec-25,,Closed,
1174,14-Dec-25,,RFS-1-12706021850,WO/48974,Plumbing,REDACTED,REDACTED,T1 Plumbing,$279.50 ,15-Dec-25,,Closed,
1175,14-Dec-25,,RFS-1-12688863260,WO/48967,Welding & Painting,REDACTED,REDACTED,Welding,$104.40 ,15-Dec-25,,Closed,
1176,14-Dec-25,,RFS-1-12704130657,WO/48966,Welding & Painting,REDACTED,REDACTED,T1 Painting,$98.20 ,15-Dec-25,,Approved,
1177,14-Dec-25,,RFS-1-12703841311,WO/48962,Welding & Painting,REDACTED,REDACTED,Welding,$79.00 ,15-Dec-25,,Closed,
1178,14-Dec-25,,RFS-12703733121,WO/48959,Carpentry RF,REDACTED,REDACTED,Team 3,"$2,356.00 ",15-Dec-25,,Closed,
1179,14-Dec-25,,IM-1-12700111941,WO/48957,Carpentry RF,REDACTED,REDACTED,Team 3,$360.00 ,15-Dec-25,,Approved,
1180,14-Dec-25,,1M-1-12673943492,WO/48955,Carpentry RF,REDACTED,REDACTED,Team 3,$408.00 ,15-Dec-25,,Closed,
1181,15-Dec-25,,IM-1-12707202176,WO/48993,Plumbing,REDACTED,REDACTED,T1 Plumbing,$286.00 ,15-Dec-25,,Closed,
1182,15-Dec-25,,RFS-1-12702172326,WO/48964,Welding & Painting,REDACTED,REDACTED,Welding,$42.00 ,4-Jan-26,,Closed,
1183,15-Dec-25,,IM-1-12704687194,"WO/48996",Plumbing,REDACTED,REDACTED,T1 Plumbing,$356.16 ,,,Approved,
1184,15-Dec-25,,CT-03072,WO/48995,Plumbing,REDACTED,REDACTED,T1 Plumbing,$203.05 ,15-Dec-25,,Closed,
1185,15-Dec-25,,IM-1-12704687194 ," WO/48987",Masonry,REDACTED,REDACTED,Team 2 ,$135.36 ,15-Dec-25,,Approved,
1186,15-Dec-25,,RFS-1-12698876817,WO/48994,Carpentry FF,REDACTED,REDACTED,T1 Carpentry,$168.48 ,16-Dec-25,,Closed,
1187,15-Dec-25,,RFS-1-12702182255,"WO/48986",Plumbing,REDACTED,REDACTED,Team 2 ,$212.16 ,15-Dec-25,,Closed,
1188,15-Dec-25,, IM-1-12700002390 ,"WO/48985",Plumbing,REDACTED,REDACTED,Team 2 ,$129.50 ,15-Dec-25,,Closed,
1189,15-Dec-25,, IM-1-12690252631,WO/48983,Carpentry RF,REDACTED,REDACTED,Team 2 ,$374.40 ,15-Dec-25,,Closed,
1190,15-Dec-25,,RFS-1-12695503577,WO/49000,Welding & Painting,REDACTED,REDACTED,Team 3,$418.50 ,,,Rejected,
1191,15-Dec-25,,CT-03048,WO/48998,Carpentry RF,REDACTED,REDACTED,Team 3,$302.74 ,15-Dec-25,,Closed,
1192,15-Dec-25,,CT-02904,WO/48997,Welding & Painting,REDACTED,REDACTED,Team 3,$473.20 ,15-Dec-25,,Closed,
1193,15-Dec-25,,IM-1-12705119038,WO/49004,Masonry,REDACTED,REDACTED,T1 Masonry,$459.40 ,21-Dec-25,,Closed,
1194,15-Dec-25,,RFS-1-12706102018,WO/49005,Masonry,REDACTED,REDACTED,T1 Masonry,$310.00 ,21-Dec-25,,Closed,
1195,15-Dec-25,,IM-1-12700243713,WO/49006,Masonry,REDACTED,REDACTED,T1 Masonry,$123.50 ,21-Dec-25,,Approved,
1196,16-Dec-25,,CT-03078,WO/49029,Plumbing,REDACTED,REDACTED,T1 Plumbing,$880.91 ,16-Dec-25,,Closed,
1197,16-Dec-25,,CT-03075,WO/49001,Plumbing,REDACTED,REDACTED,Team 2 ,$123.00 ,17-Dec-25,,Closed,
1198,17-Dec-25,,IM-1-12704923919,WO/49033,Plumbing,REDACTED,REDACTED,T1 Plumbing,$757.80 ,21-Dec-25,,Closed,
1199,17-Dec-25,,RFS-1-12707485598,WO/49031,Welding & Painting,REDACTED,REDACTED,T1 Painting,$950.30 ,21-Dec-25,,Closed,
1200,17-Dec-25,,RFS-1-12702520520,WO/49032,Welding & Painting,REDACTED,REDACTED,Welding,"$1,563.40 ",17-Mar-26,,Approved,
1201,17-Dec-25,,RFS-1-12703841367,WO/49039,Plumbing,REDACTED,REDACTED,Team 4,$358.00 ,21-Dec-25,,Closed,
1202,17-Dec-25,,CT-03080,WO/49041,Plumbing,REDACTED,REDACTED,Team 4,$91.10 ,8-Jan-26,,Closed,
1203,17-Dec-25,,IM-1-12707322074,WO/49044,Plumbing,REDACTED,REDACTED,T1 Plumbing,$279.00 ,21-Dec-25,,Closed,
1204,17-Dec-25,,CT-03081,WO/49037,Plumbing,REDACTED,REDACTED,Team 4,$422.56 ,17-Dec-25,,Closed,
1205,17-Dec-25,,CT-03082,WO/49040,Plumbing,REDACTED,REDACTED,Team 4,$279.00 ,21-Dec-25,,Closed,
1206,17-Dec-25,,CT-03028,WO/49043,Welding & Painting,REDACTED,REDACTED,Team 3,$558.60 ,21-Dec-25,,Approved,
1207,17-Dec-25,,CT-03089,WO/49055,Plumbing,REDACTED,REDACTED,T1 Plumbing,$533.00 ,17-Dec-25,,Closed,
1208,17-Dec-25,,CT-03067,WO/49034,Carpentry RF,REDACTED,REDACTED,T1 Carpentry,$176.00 ,21-Dec-25,,Closed,
1209,17-Dec-25,,RFS-1-12685317821,WO/49042,Masonry,REDACTED,REDACTED,T1 Masonry,$283.50 ,24-Dec-25,,Closed,
1210,17-Dec-25,,CT-03085,WO/49050,Plumbing,REDACTED,REDACTED,Team 2 ,"$1,077.56 ",17-Dec-25,,Closed,
1211,18-Dec-25,,RFS-1-12642404479,WO/49062,Plumbing,REDACTED,REDACTED,T1 Masonry,$196.00 ,21-Dec-25,,Closed,
1212,18-Dec-25,,RFS-1-12706021870,WO/49060,Carpentry FF,REDACTED,REDACTED,T1 Carpentry,$83.64 ,21-Dec-25,,Closed,
1213,18-Dec-25,,IM-1-1271049780,WO/49067,Plumbing,REDACTED,REDACTED,T1 Plumbing,$176.16 ,21-Dec-25,,Closed,
1214,18-Dec-25,,IM-1-12706728096,WO/49068,Plumbing,REDACTED,REDACTED,T1 Plumbing,$313.98 ,8-Jan-26,,Closed,
1215,18-Dec-25,,IM-1-12708704736,WO/49071,Plumbing,REDACTED,REDACTED,Team 4,$83.00 ,21-Dec-25,,Closed,
1216,18-Dec-25,,IM-1-12697498800,WO/49070,Carpentry FF,REDACTED,REDACTED,Team 4,$174.40 ,,,Rejected,
1217,18-Dec-25,,CT-03096 ,WO/49072,Plumbing,REDACTED,REDACTED,T1 Plumbing,$264.00 ,4-Jan-26,,Closed,
1218,18-Dec-25,,CT-03095,WO/49069,Welding & Painting,REDACTED,REDACTED,T1 Painting,"$1,345.30 ",6-Jan-26,,Closed,
1219,20-Dec-25,,IM-1-12712821208,WO/49077,Carpentry FF,REDACTED,REDACTED,T1 Carpentry,$49.65 ,21-Dec-25,,Approved,
1220,20-Dec-25,,RFS-1-12706102071,WO/49076,Carpentry RF,REDACTED,REDACTED,T1 Carpentry,$360.00 ,24-Dec-25,,Approved,
1221,20-Dec-25,,RFS-1-12708815548,WO/49078,Plumbing,REDACTED,REDACTED,Team 4,$215.00 ,21-Dec-25,,Closed,
1222,20-Dec-25,,IM-1-12702777935,WO/49079,Carpentry FF,REDACTED,REDACTED,T1 Carpentry,$96.00 ,21-Dec-25,,Closed,
1223,20-Dec-25,,IM-1-12712966253,WO/49087,Carpentry FF,REDACTED,REDACTED,T1 Carpentry,$279.50 ,30-Dec-25,,Closed,
1224,20-Dec-25,,IM-1-12713094924,WO/49081,Plumbing,REDACTED,REDACTED,T1 Plumbing,$763.33 ,24-Dec-25,,Closed,
1225,20-Dec-25,,CT-03097,WO/49086,Plumbing,REDACTED,REDACTED,Team 2 ,$149.56 ,22-Dec-25,,Closed,
1226,21-Dec-25,,CT-03070,WO/48992,Plumbing,REDACTED,REDACTED,T1 Plumbing,$411.00 ,12/21/2025,,Closed,
1227,21-Dec-25,,IM-1-12711480324,WO/49088,Plumbing,REDACTED,REDACTED,T1 Plumbing,"$2,634.00 ",21-Dec-25,,Closed,
1228,21-Dec-25,,CT-03099,WO/49085,Plumbing,REDACTED,REDACTED,T1 Plumbing,$123.00 ,21-Dec-25,,Closed,
1229,21-Dec-25,,RFS-1-12710685049,WO/49096,Welding & Painting,REDACTED,REDACTED,T1 Painting,$85.80 ,,,Rejected,
1230,21-Dec-25,,CT-03105,WO/49097,Welding & Painting,REDACTED,REDACTED,T1 Carpentry,"$1,729.30 ",24-Dec-25,,Approved,
1231,22-Dec-25,,RFS-1-12711368789,WO/49109,Plumbing,REDACTED,REDACTED,T1 Plumbing,$291.00 ,8-Jan-26,,Closed,
1232,22-Dec-25,,IM-1-12715736612,WO/49118,Plumbing,REDACTED,REDACTED,T1 Plumbing,$259.50 ,24-Dec-25,,Closed,
1233,22-Dec-25,,CT-03109,WO/49108,Plumbing,REDACTED,REDACTED,T1 Plumbing,$123.00 ,24-Dec-25,,Closed,
1234,22-Dec-25,,CT-03111,WO/49112,Plumbing,REDACTED,REDACTED,T1 Plumbing,$245.00 ,30-Dec-25,,Closed,
1235,23-Dec-25,,RFS-1-12710685049,"WO/49121",Carpentry FF,REDACTED,REDACTED,T1 Painting,$78.90 ,24-Dec-25,,Closed,
1236,23-Dec-25,,IM-1-12710158633,WO/49123,Carpentry FF,REDACTED,REDACTED,T1 Carpentry,$650.08 ,24-Dec-25,,Closed,
1237,23-Dec-25,,IM-1-12710158633,WO/49124,Plumbing,REDACTED,REDACTED,T1 Plumbing,$219.50 ,24-Dec-25,,Closed,
1238,23-Dec-25,,IM-1-12716172627,WO/49125,Plumbing,REDACTED,REDACTED,T1 Plumbing,$279.50 ,24-Dec-25,,Closed,
1239,23-Dec-25,,IM-1-12710158633 ,WO/49127,Masonry,REDACTED,REDACTED,T1 Masonry,$325.00 ,24-Dec-25,,Closed,
1240,23-Dec-25,,RFS-1-12688738962,WO/49135,Carpentry FF,REDACTED,REDACTED,Team 4,$435.00 ,24-Dec-25,,Approved,
1241,23-Dec-25,,RFS-1-12708816428,WO/49134,Carpentry RF,REDACTED,REDACTED,Team 4,"$1,625.76 ",24-Dec-25,,Approved,
1242,23-Dec-25,,IM-1-12702609975,WO/49131,Carpentry FF,REDACTED,REDACTED,Team 4,$96.00 ,24-Dec-25,,Closed,
1243,23-Dec-25,,RFS-1-12700672571,WO/49132,Carpentry FF,REDACTED,REDACTED,Team 4,$141.78 ,,,Rejected,
1244,24-Dec-25,,RFS-1-12710158903,"WO/49137",Masonry,REDACTED,REDACTED,Team 3,$198.64 ,28-Dec-25,,Closed,
1245,26-Dec-25,,IM-1-1278401208,WO/49138,Plumbing,REDACTED,REDACTED,T1 Plumbing,$282.42 ,30-Dec-25,,Approved,
1246,26-Dec-25,,CT-03120 ,WO/49139,Plumbing,REDACTED,REDACTED,T1 Plumbing,$765.05 ,30-Dec-25,,Closed,
1247,27-Dec-25,,IM-1-12716247461,WO/49143,Carpentry RF,REDACTED,REDACTED,Team 4,$768.20 ,,,Pending Approval,
1248,27-Dec-25,,IM-12715981622,WO/49140,Masonry,REDACTED,REDACTED,Team 4,$50.50 ,30-Dec-25,,Closed,
1249,27-Dec-25,,IM-1-12716692526,WO/49141,Carpentry RF,REDACTED,REDACTED,Team 4,"$2,288.10 ",30-Dec-25,,Closed,
1250,27-Dec-25,,IM-1-12715981606,WO/49142,Masonry,REDACTED,REDACTED,Team 4,$353.92 ,30-Dec-25,,Closed,
1251,27-Dec-25,,IM-1-12716247414,WO/49145,Carpentry RF,REDACTED,REDACTED,T1 Carpentry,"$1,903.50 ",30-Dec-25,,Closed,
1252,28-Dec-25,,IM-1-12712711354,WO/49151,Carpentry RF,REDACTED,REDACTED,Team 3,"$1,056.00 ",,,Pending Approval,
1253,28-Dec-25,,IM-1-12717713297,WO/49152,Masonry,REDACTED,REDACTED,Team 4,$983.50 ,22-Feb-26,,Approved,
1254,29-Dec-25,,IM-1-12721378684,WO/49162,Plumbing,REDACTED,REDACTED,T1 Plumbing,$83.66 ,12-Jan-26,,Closed,
1255,29-Dec-25,,IM-1-12715220497,WO/49161,Plumbing,REDACTED,REDACTED,Team 4,$170.25 ,30-Dec-25,,Closed,
1256,29-Dec-25,,IM-1-12721456574,WO/49165,Welding & Painting,REDACTED,REDACTED,T1 Painting,$466.00 ,4-Jan-26,,Closed,
1257,29-Dec-25,,IM-1-12721456606,WO/49164,Welding & Painting,REDACTED,REDACTED,T1 Painting,$431.00 ,4-Jan-26,,Closed,
1258,29-Dec-25,,RFS-1-12576338381,WO/49166,Carpentry RF,REDACTED,REDACTED,T1 Carpentry,$325.50 ,29-Dec-25,,Closed,
1259,30-Dec-25,,IM-1-12721456540,WO/49174,Carpentry FF,REDACTED,REDACTED,T1 Carpentry,$263.68 ,4-Jan-26,,Closed,
1260,30-Dec-25,,IM-1-12716423807,WO/49173,Carpentry FF,REDACTED,REDACTED,T1 Carpentry,$580.00 ,1-Apr-26,,Approved,
1261,30-Dec-25,,IM-1-12715460754,WO/49177,Plumbing,REDACTED,REDACTED,T1 Plumbing,$285.10 ,4-Jan-26,,Closed,
1262,30-Dec-25,,IM-1-12721456606,WO/49172,Carpentry FF,REDACTED,REDACTED,T1 Carpentry,$134.44 ,4-Jan-26,,Closed,
1263,30-Dec-25,,12721065353,WO/49179,Masonry,REDACTED,REDACTED,T1 Masonry,$91.50 ,4-Jan-26,,Closed,
1264,30-Dec-25,,IM-1-12721995227,WO/49189,Plumbing,REDACTED,REDACTED,T1 Plumbing,$385.00 ,4-Jan-26,,Closed,
1265,30-Dec-25,,IM-1-12722193524,WO/49190,Carpentry FF,REDACTED,REDACTED,T1 Carpentry,$327.96 ,4-Jan-26,,Closed,
1266,30-Dec-25,,IM-1-12722140327,WO/49191,Carpentry FF,REDACTED,REDACTED,T1 Carpentry,$557.94 ,6-Jan-26,,Approved,
1267,30-Dec-25,,IM-1-152722193484,WO/49193,Plumbing,REDACTED,REDACTED,T1 Plumbing,$128.00 ,4-Jan-26,,Closed,
1268,31-Dec-25,,CT-03118,WO/49195,Plumbing,REDACTED,REDACTED,T1 Plumbing,$99.50 ,31-Dec-25,,Closed,
1269,31-Dec-25,,RFS-1-12700672519,WO/49203,Masonry,REDACTED,REDACTED,T1 Masonry,$171.00 ,4-Jan-26,,Closed,
1270,31-Dec-25,,RFS-1-12711317572,WO/49197,Carpentry FF,REDACTED,REDACTED,T1 Carpentry,$522.62 ,,,Pending Approval,
1271,31-Dec-25,,IM-1-12718587188,WO/49199,Plumbing,REDACTED,REDACTED,T1 Plumbing,$194.50 ,5-Jan-26,,Closed,
1272,31-Dec-25,,IM-1-12722649674,WO/49200,Plumbing,REDACTED,REDACTED,T1 Plumbing,$393.00 ,4-Jan-26,,Closed,
1273,31-Dec-25,,IM-1-12722920912,WO/49202,Plumbing,REDACTED,REDACTED,T1 Plumbing,$315.00 ,4-Jan-26,,Closed,
1274,31-Dec-25,,IM-1-12722767934,WO/49186,Plumbing,REDACTED,REDACTED,T1 Plumbing,$67.20 ,4-Jan-26,,Approved,
1275,31-Dec-25,,IM-1-12721675923,WO/49208,Carpentry FF,REDACTED,REDACTED,T1 Carpentry,$563.88 ,6-Jan-26,,Closed,
1276,31-Dec-25,,RFS-1-12688862794,WO/49207,Welding & Painting,REDACTED,REDACTED,Welding,$251.50 ,5-Jan-26,,Closed,
1277,31-Dec-25,,IM-1-12723653470,WO/49209,Carpentry FF,REDACTED,REDACTED,T1 Carpentry,$218.52 ,3-Jan-26,,Closed,
1278,31-Dec-25,,IM-1-12714417527,WO/49210,Welding & Painting,REDACTED,REDACTED,Team 4,$92.00 ,4-Jan-26,,Closed,
1279,31-Dec-25,,RFS-1-12710260162,WO/49211,Welding & Painting,REDACTED,REDACTED,Team 4,$140.40 ,8-Jan-26,,Closed,
1280,31-Dec-25,,RFS-1-12697297357,WO/49212,Carpentry FF,REDACTED,REDACTED,Team 4,$222.00 ,,,Pending Approval,
1281,31-Dec-25,,IM-1-12721562365,WO/49214,Plumbing,REDACTED,REDACTED,Team 3,$326.50 ,4-Jan-26,,Closed,
1282,31-Dec-25,,IM-1-12712319361,WO/49213,Welding & Painting,REDACTED,REDACTED,Team 3,$535.20 ,,,Pending Approval,
1283,31-Dec-25,,IM-1-12721065380,WO/49218,Carpentry FF,REDACTED,REDACTED,T1 Carpentry,$430.20 ,,,Pending Approval,
1284,31-Dec-25,,IM-1-12723110934,WO/49215,Carpentry FF,REDACTED,REDACTED,T1 Carpentry,$264.00 ,4-Jan-26,,Approved,
1285,31-Dec-25,,IM-1-12723110934,WO/49220,Masonry,REDACTED,REDACTED,T1 Masonry,$319.00 ,4-Jan-26,,Approved,
1286,31-Dec-25,,IM-1-12717577024,WO/49221,Welding & Painting,REDACTED,REDACTED,Welding,$633.40 ,,,Pending Approval,
1287,31-Dec-25,,IM-1-12722701282,WO/49222,Carpentry FF,REDACTED,REDACTED,T1 Carpentry,$119.80 ,6-Jan-26,,Closed,
1288,31-Dec-25,,IM-1-12717546927,WO/49196,Carpentry FF,REDACTED,REDACTED,T1 Carpentry,$529.98 ,8-Jan-26,,Closed,
1289,2-Jan-26,,CT-03137,WO/49223,Plumbing,REDACTED,REDACTED,T1 Plumbing,$269.50 ,4-Jan-26,,Closed,
1290,3-Jan-26,,IM-1-12712804753,WO/49224,Carpentry FF,REDACTED,REDACTED,Team 4,$160.00 ,4-Jan-26,,Closed,
1291,3-Jan-26,,RFS-1-12711825527,WO/49226,Carpentry FF,REDACTED,REDACTED,Team 4,$326.40 ,7-Jan-26,,Approved,
1292,3-Jan-26,,IM-1-12719093027,WO/4925,Carpentry FF,REDACTED,REDACTED,Team 3,$326.40 ,,,Pending Approval,
1293,3-Jan-26,,IM-1-12708462478,WO/49227,Carpentry FF,REDACTED,REDACTED,Team 3,$116.00 ,4-Jan-26,,Closed,
1294,3-Jan-26,,IM-1-12722767918,WO/49228,Carpentry FF,REDACTED,REDACTED,T1 Carpentry,$69.00 ,4-Jan-26,,Closed,
1295,3-Jan-26,,IM-1-12720723209,WO/49229,Carpentry FF,REDACTED,REDACTED,T1 Carpentry,$602.20 ,4-Jan-26,,Closed,
1296,3-Jan-26,,IM-1-12723811409,WO/49232,Welding & Painting,REDACTED,REDACTED,T1 Painting,$215.50 ,4-Jan-26,,Closed,
1297,3-Jan-26,,IM-1-12721995121,WO/49231,Carpentry FF,REDACTED,REDACTED,T1 Carpentry,$564.72 ,4-Jan-26,,Closed,
1298,3-Jan-26,,IM-1-1279093027,WO/49225,Carpentry RF,REDACTED,REDACTED,Team 4,$326.40 ,,,Pending Approval,
1299,3-Jan-26,,CT-03145,WO/49237,Plumbing,REDACTED,REDACTED,T1 Plumbing,$286.78 ,4-Jan-26,,Closed,
1300,3-Jan-26,,IM-1-12720750225,WO/49243,Carpentry FF,REDACTED,REDACTED,Team 4,$133.00 ,6-Jan-26,,Closed,
1301,3-Jan-26,,IM-1-12720750189,WO/49239,Plumbing,REDACTED,REDACTED,Team 4,$141.50 ,6-Jan-26,,Closed,
1302,5-Jan-26,,IM-1-12724954629,WO/49255,Plumbing,REDACTED,REDACTED,T1 Plumbing,$279.50 ,6-Jan-26,,Closed,
1303,5-Jan-26,,IM-1-12725833421,WO/49256,Plumbing,REDACTED,REDACTED,T1 Plumbing,$321.47 ,6-Jan-26,,Closed,
1304,5-Jan-26,,IM-1-12725893112,WO/49257,Carpentry RF,REDACTED,REDACTED,T1 Carpentry,$363.00 ,7-Jan-26,,Approved,
1305,5-Jan-26,,IM-1-12725480358,WO/49259,Plumbing,REDACTED,REDACTED,T1 Plumbing,$280.00 ,6-Jan-26,,Closed,
1306,6-Jan-26,,IM-1-12719427073,WO/4927,Welding & Painting,REDACTED,REDACTED,Welding,"$1,275.40 ",,,Pending Approval,
1307,6-Jan-26,,IM-1-12721814690,WO/49258,Carpentry FF,REDACTED,REDACTED,T1 Carpentry,$858.68 ,,,Pending Approval,
1308,6-Jan-26,,CT-03149,WO/49270,Plumbing,REDACTED,REDACTED,T1 Plumbing,$374.00 ,7-Jan-26,,Closed,
1309,6-Jan-26,,IM-1-12726018886,WO/49275,Carpentry FF,REDACTED,REDACTED,T1 Carpentry,$95.64 ,8-Jan-26,,Closed,
1310,6-Jan-26,,IM-1-12725479949,WO/49276,Plumbing,REDACTED,REDACTED,T1 Carpentry,$244.75 ,8-Jan-26,,Closed,
1311,6-Jan-26,,IM-1-12724194625,WO/49277,Plumbing,REDACTED,REDACTED,Team 5,$303.70 ,7-Jan-26,,Closed,
1312,6-Jan-26,,IM-1-12724194579,WO/49278,Plumbing,REDACTED,REDACTED,Team 5,$311.95 ,,,Pending Approval,
1313,6-Jan-26,,IM-1-12725459863,WO/49280,Masonry,REDACTED,REDACTED,Team 4,$99.70 ,7-Jan-26,,Closed,
1314,6-Jan-26,,IM-1-12725459830,WO/49282,Masonry,REDACTED,REDACTED,Team 4,$396.00 ,8-Jan-26,,Approved,
1315,6-Jan-26,,RFS-1-12711826389,WO/49284,Masonry,REDACTED,REDACTED,Team 5,$229.60 ,7-Jan-26,,Approved,
1316,6-Jan-26,,IM-1-12725591485,WO/49253,Carpentry RF,REDACTED,REDACTED,T1 Carpentry,$216.00 ,,,Approved,
1317,6-Jan-26,,CT-03115,WO/49126,Plumbing,REDACTED,REDACTED,T1 Plumbing,"$1,093.50 ",7-Jan-26,,Closed,
1318,6-Jan-26,,CT-03152,WO/49287,Plumbing,REDACTED,REDACTED,Team 4,$422.56 ,6-Jan-26,,Closed,
1319,6-Jan-26,,IM-1-12719427057,WO/49283,Masonry,REDACTED,REDACTED,Team 4,$241.00 ,,,Closed,
1320,6-Jan-26,,CT-03159,WO/49302,Plumbing,REDACTED,REDACTED,Team 4,$263.00 ,8-Jan-26,,Closed,
1321,7-Jan-26,,IM-1-12726211247,WO/49292,Plumbing,REDACTED,REDACTED,T1 Plumbing,$478.50 ,,,Rejected,
1322,7-Jan-26,,IM-1-12720723245,WO/49285,Welding & Painting,REDACTED,REDACTED,T1 Carpentry,"$4,304.90 ",,,Pending Approval,
1323,7-Jan-26,,IM-1-12727096343,WO/49294,Carpentry FF,REDACTED,REDACTED,T1 Carpentry,$262.28 ,,,Rejected,
1324,7-Jan-26,,IM-1-12727061161,WO/49295,Welding & Painting,REDACTED,REDACTED,T1 Painting,$48.70 ,8-Jan-26,,Closed,
1325,7-Jan-26,,IM-1-12726071798,WO/49296,Plumbing,REDACTED,REDACTED,T1 Plumbing,$279.50 ,8-Jan-26,,Closed,
1326,7-Jan-26,,IM-1-12726462690,WO/49298,Welding & Painting,REDACTED,REDACTED,T1 Painting,$161.20 ,8-Jan-26,,Approved,
1327,7-Jan-26,,IM-1-12727060933,WO/49301,Masonry,REDACTED,REDACTED,T1 Masonry,$180.00 ,8-Jan-26,,Closed,
1328,7-Jan-26,,IM-1-12728094091,WO/49300,Welding & Painting,REDACTED,REDACTED,T1 Painting,$358.20 ,8-Jan-26,,Closed,
1329,8-Jan-26,,IM-1-12725216619,WO/49308,Carpentry FF,REDACTED,REDACTED,T1 Carpentry,$184.68 ,8-Jan-26,,Closed,
1330,8-Jan-26,,IM-1-12716132264,WO/49316,Carpentry FF,REDACTED,REDACTED,Team 4,$178.92 ,8-Jan-26,,Approved,
1331,8-Jan-26,,IM-1-12725893096,WO/49317,Carpentry RF,REDACTED,REDACTED,Team 4,$324.00 ,8-Jan-26,,Approved,
1332,8-Jan-26,,IM-1-12715981658,WO/49319,Carpentry FF,REDACTED,REDACTED,Team 4,$59.85 ,11-Jan-26,,Closed,
1333,8-Jan-26,,IM-1-12725906947,WO/49320,Masonry,REDACTED,REDACTED,Team 2 ,$373.70 ,11-Jan-26,,Closed,
1334,8-Jan-26,,IM-1-12725906947,WO/49321,Plumbing,REDACTED,REDACTED,Team 2 ,$95.00 ,11-Jan-26,,Closed,
1335,8-Jan-26,,IM-12715675508,WO/49322,Plumbing,REDACTED,REDACTED,Team 2 ,$377.00 ,11-Jan-26,,Closed,
1336,8-Jan-26,,CT-03162,WO/49307,Plumbing,REDACTED,REDACTED,T1 Plumbing,$160.00 ,8-Jan-26,,Closed,
1337,10-Jan-26,,RFS-1-1272860973,WO/49326,Masonry,REDACTED,REDACTED,T1 Masonry,$50.50 ,,,Pending Approval,
1338,10-Jan-26,,IM-1-12726276067,WO/49325,Masonry,REDACTED,REDACTED,T1 Masonry,$50.00 ,11-Jan-26,,Closed,
1339,10-Jan-26,,IM-1-12612820512,WO/49324,Plumbing,REDACTED,REDACTED,Team 5,$198.00 ,12-Jan-26,,Closed,
1340,10-Jan-26,,IM-1-127227011266,WO/49323,Plumbing,REDACTED,REDACTED,Team 5,$279.50 ,11-Jan-26,,Closed,
1341,10-Jan-26,,IM-1-12727131545,WO/49332,Plumbing,REDACTED,REDACTED,T1 Plumbing,$412.95 ,11-Jan-26,,Closed,
1342,10-Jan-26,,IM-1-12730238751,WO/49331,Masonry,REDACTED,REDACTED,T1 Masonry,$16.00 ,11-Jan-26,,Closed,
1343,10-Jan-26,,IM-1-12730238853,WO/49336,Plumbing,REDACTED,REDACTED,T1 Plumbing,$140.50 ,11-Jan-26,,Closed,
1344,11-Jan-26,,RFS-1-12729867522,WO/49341,Carpentry FF,REDACTED,REDACTED,T1 Carpentry,$527.40 ,11-Jan-26,,Closed,
1345,11-Jan-26,,IM-1-12726462764,WO/49340,Carpentry FF,REDACTED,REDACTED,T1 Carpentry,$82.30 ,11-Jan-26,,Closed,
1346,11-Jan-26,,RFS-1-12729788162,WO/49339,Welding & Painting,REDACTED,REDACTED,T1 Painting,$225.80 ,11-Jan-26,,Closed,
1347,11-Jan-26,,IM-1-12728094137,WO/49338,Carpentry RF,REDACTED,REDACTED,T1 Carpentry,$184.50 ,11-Jan-26,,Closed,
1348,11-Jan-26,,RFS-1-12728602402,WO/49345,Plumbing,REDACTED,REDACTED,Team 2 ,$458.56 ,11-Jan-26,,Closed,
1349,11-Jan-26,,IM-1-12726019093,WO/49343,Plumbing,REDACTED,REDACTED,Team 2 ,$452.50 ,11-Jan-26,,Closed,
1350,11-Jan-26,,IM-1-12724195418,WO/49344,Carpentry FF,REDACTED,REDACTED,Team 2 ,$32.80 ,11-Jan-26,,Closed,
1351,11-Jan-26,,IM-1-12726019129,WO/49346,Welding & Painting,REDACTED,REDACTED,Team 2 ,$386.50 ,11-Jan-26,,Closed,
1352,11-Jan-26,,RFS-1-12728602402,WO/49347,Plumbing,REDACTED,REDACTED,Team 2 ,$122.00 ,11-Jan-26,,Closed,
1353,11-Jan-26,,CT-03183,WO/49390,Plumbing,REDACTED,REDACTED,T1 Plumbing,$364.00 ,14-Jan-26,,Closed,
1354,11-Jan-26,,IM-1-12728094154,WO/49395,Plumbing,REDACTED,REDACTED,T1 Plumbing,$120.50 ,14-Jan-26,,Closed,
1355,11-Jan-26,,RFS-1-12729788072,WO/49393,Masonry,REDACTED,REDACTED,T1 Masonry,$85.00 ,14-Jan-26,,Closed,
1356,11-Jan-26,,IM-1-12725459846,WO/49389,Welding & Painting,REDACTED,REDACTED,T1 Painting,"$1,461.50 ",,,Pending Approval,
1357,12-Jan-26,,RFS-1-12732786799,WO/49360,Plumbing,REDACTED,REDACTED,T1 Plumbing,$284.60 ,13-Jan-26,,Closed,
1358,12-Jan-26,,RFS-1-12729687530,WO/49359,Plumbing,REDACTED,REDACTED,T1 Plumbing,$17.00 ,13-Jan-26,,Closed,
1359,12-Jan-26,,IM-1-12727095482,WO/49371,Welding & Painting,REDACTED,REDACTED,T1 Painting,"$1,293.20 ",3-Mar-26,,Approved,
1360,12-Jan-26,,IM-1-12714150504,WO/49370,Welding & Painting,REDACTED,REDACTED,T1 Painting,$423.48 ,1/20/2026,,Closed,
1361,12-Jan-26,,RFS-1-12734848360,WO/49373,Masonry,REDACTED,REDACTED,T1 Carpentry,$107.50 ,13-Jan-26,,Closed,
1362,12-Jan-26,,IM-1-12731190135,WO/49374,Plumbing,REDACTED,REDACTED,T1 Plumbing,$259.50 ,13-Jan-26,,Closed,
1363,12-Jan-26,,IM-1-12731547377,WO/49380,Carpentry FF,REDACTED,REDACTED,T1 Carpentry,$613.84 ,13-Jan-26,,Closed,
1364,12-Jan-26,,IM-1-12714693505,WO/49379,Carpentry FF,REDACTED,REDACTED,T1 Carpentry,$137.50 ,,,Pending Approval,
1365,12-Jan-26,,RFS-1-12732787251,WO/49378,Plumbing,REDACTED,REDACTED,T1 Plumbing,$289.16 ,11-Mar-26,,Closed,
1366,12-Jan-26,,IM-1-12727060906,WO/49377,Plumbing,REDACTED,REDACTED,T1 Plumbing,$63.00 ,13-Jan-26,,Closed,
1367,12-Jan-26,,IM-1-12730238695,WO/49376,Masonry,REDACTED,REDACTED,T1 Masonry,$243.20 ,,,Pending Approval,
1368,12-Jan-26,,IM-1-12726375014,WO/49375,Plumbing,REDACTED,REDACTED,Team 4,,13-Jan-26,,Closed,
1369,12-Jan-26,,IM-1-12728256278,WO/49382,Masonry,REDACTED,REDACTED,T1 Masonry,"$2,073.36 ",13-Jan-26,,Rejected,
1370,13-Jan-26,,IM-1-12728256278,WO/49386,Plumbing,REDACTED,REDACTED,T1 Plumbing,$867.00 ,13-Jan-26,,Rejected,
1371,13-Jan-26,,IM-1-12721814690,WO/49397,Carpentry FF,REDACTED,REDACTED,T1 Carpentry,$492.96 ,14-Jan-26,,Approved,
1372,13-Jan-26,,IM-1-12731609474,WO/49399,Plumbing,REDACTED,REDACTED,Team 4,$120.75 ,14-Jan-26,,Closed,
1373,13-Jan-26,,IM-1-12736412438,WO/49398,Plumbing,REDACTED,REDACTED,Team 4,$169.75 ,14-Jan-26,,Closed,
1374,14-Jan-26,, IM-1-12704687320,WO/49404,Plumbing,REDACTED,REDACTED,Team 2 ,$181.50 ,14-Jan-26,,Closed,
1375,14-Jan-26,,RFS-1-12734955559,WO/49410,Plumbing,REDACTED,REDACTED,Team 4,$40.00 ,14-Jan-26,,Closed,
1376,14-Jan-26,,IM-1-12731609427,WO/49402,Plumbing,REDACTED,REDACTED,Team 4,$50.65 ,14-Jan-26,,Closed,
1377,14-Jan-26,,RFS-1-12734955566,WO/49412,Plumbing,REDACTED,REDACTED,Team 4,$293.50 ,15-Jan-26,,Closed,
1378,14-Jan-26,,RFS-1-12736653414,WO/49414,Carpentry FF,REDACTED,REDACTED,T1 Carpentry,$320.00 ,14-Jan-26,,Closed,
1379,14-Jan-26,,RFS-1-12733562606,WO/49413,Carpentry FF,REDACTED,REDACTED,T1 Plumbing,$138.70 ,14-Jan-26,,Closed,
1380,14-Jan-26,,IM-1-12734664709,WO/49415,Carpentry FF,REDACTED,REDACTED,T1 Carpentry,$687.54 ,,,Pending Approval,
1381,14-Jan-26,,IM-1-12736937705,WO/49419,Plumbing,REDACTED,REDACTED,T1 Plumbing,$405.25 ,15-Jan-26,,Closed,
1382,14-Jan-26,,IM-1-12739077325,WO/49418,Plumbing,REDACTED,REDACTED,T1 Plumbing,$188.40 ,15-Jan-26,,Approved,
1383,14-Jan-26,,IM-1-12738198224,WO/49416,Plumbing,REDACTED,REDACTED,T1 Masonry,$82.50 ,15-Jan-26,,Closed,
1384,14-Jan-26,,IM-1-12711318260,WO/49407,Plumbing,REDACTED,REDACTED,Team 2 ,$280.00 ,14-Jan-26,,Closed,
1385,15-Jan-26,,IM-1-12739236879,WO/49421,Plumbing,REDACTED,REDACTED,Team 3,$449.78 ,15-Jan-26,,Closed,
1386,15-Jan-26,,IM-1-12739236879,WO/49422,Plumbing,REDACTED,REDACTED,Team 3,$122.00 ,15-Jan-26,,Closed,
1387,15-Jan-26,,RFS-1-12732787148,WO/49425,Carpentry FF,REDACTED,REDACTED,T1 Carpentry,$529.36 ,15-Jan-26,,Approved,
1388,15-Jan-26,,IM-1-12705119038,WO/49428,Welding & Painting,REDACTED,REDACTED,T1 Painting,$211.70 ,15-Jan-26,,Closed,
1389,15-Jan-26,,CT-03187,WO/49434,Plumbing,REDACTED,REDACTED,Team 5,$232.58 ,15-Jan-26,,Closed,
1390,15-Jan-26,,IM-1-12738487812,WO/49433,Carpentry FF,REDACTED,REDACTED,T1 Carpentry,$74.64 ,15-Jan-26,,Closed,
1391,15-Jan-26,,RFS-1-1273278677,WO/49432,Carpentry FF,REDACTED,REDACTED,Team 5,$77.64 ,17-Jan-26,,Closed,
1392,15-Jan-26,,IM-1-12737002690,WO/49430,Carpentry FF,REDACTED,REDACTED,Team 5,$284.50 ,15-Jan-26,,Approved,
1393,15-Jan-26,,IM-1-12734661692,WO/49439,Carpentry FF,REDACTED,REDACTED,T1 Carpentry,$42.70 ,18-Jan-26,,Closed,
1394,15-Jan-26,,RFS-1-12739659657,WO/49437,Carpentry FF,REDACTED,REDACTED,T1 Carpentry,$247.92 ,18-Jan-26,,Closed,
1395,15-Jan-26,,IM-1-12738764665,WO/49436,Plumbing,REDACTED,REDACTED,T1 Plumbing,"$2,978.10 ",20-01-2026,,Closed,
1396,15-Jan-26,,IM-1-12731190091,WO/49446,Carpentry FF,REDACTED,REDACTED,Team 4,$277.92 ,18-Jan-26,,Closed,
1397,15-Jan-26,,IM-1-12722052052,WO/49445,Carpentry RF,REDACTED,REDACTED,Team 4,$336.00 ,18-Jan-26,,Approved,
1398,15-Jan-26,,IM-1-12731190084,WO/49444,Carpentry RF,REDACTED,REDACTED,Team 4,$648.00 ,18-Jan-26,,Approved,
1399,15-Jan-26,,RFS-1-12729655653,WO/49443,Carpentry RF,REDACTED,REDACTED,Team 4,$336.00 ,18-Jan-26,,Approved,
1400,15-Jan-26,,RFS-1-12707201867,WO/49442,Carpentry FF,REDACTED,REDACTED,Team 4,$54.69 ,18-Jan-26,,Closed,
1401,15-Jan-26,,IM-1-12728181834,WO/49441,Carpentry RF,REDACTED,REDACTED,Team 4,"$2,008.10 ",,,Pending Approval,
1402,15-Jan-26,,IM-1-12736513208,WO/49440,Carpentry RF,REDACTED,REDACTED,Team 4,$960.00 ,18-Jan-26,,Approved,
1403,15-Jan-26,,IM-1-12720750156,WO/49448,Plumbing,REDACTED,REDACTED,Team 4,$388.26 ,18-Jan-26,,Closed,
1404,17-Jan-26,,IM-1-12741164890,WO/49463,Welding & Painting,REDACTED,REDACTED,T1 Painting,$120.12 ,18-Jan-26,,Approved,
1405,17-Jan-26,,IM-1-12727061055,WO/49462,Welding & Painting,REDACTED,REDACTED,T1 Painting,$97.20 ,18-Jan-26,,Approved,
1406,17-Jan-26,,CT-03192,WO/49460,Plumbing,REDACTED,REDACTED,T1 Plumbing,$365.00 ,17-Jan-26,,Closed,
1407,17-Jan-26,,IM-1-12739571225,WO/49453,Plumbing,REDACTED,REDACTED,Team 3,$279.50 ,18-Jan-26,,Closed,
1408,18-Jan-26,,IM-1-12741164644,WO/49469,Welding & Painting,REDACTED,REDACTED,T1 Painting,$178.40 ,18-Jan-26,,Closed,
1409,18-Jan-26,,IM-12740883225,WO/49468,Welding & Painting,REDACTED,REDACTED,T1 Painting,$428.10 ,18-Jan-26,,Closed,
1410,18-Jan-26,,IM-1-12736411686,WO/49466,Masonry,REDACTED,REDACTED,Team 4,"$1,703.00 ",24-Feb-26,,Approved,
1411,18-Jan-26,,IM-1-12736411686,WO/49464,Plumbing,REDACTED,REDACTED,Team 4,"$2,016.32 ",24-Feb-26,,Approved,
1412,18-Jan-26,,IM-1-12734661643,WO/49479,Welding & Painting,REDACTED,REDACTED,Welding,"$3,924.80 ",,,Pending Approval,
1413,18-Jan-26,,RFS-1-125663142361,WO/49478,Welding & Painting,REDACTED,REDACTED,Team 3,$227.14 ,20-Jan-26,,Approved,
1414,18-Jan-26,,CT-03197,WO/49484,Welding & Painting,REDACTED,REDACTED,T1 Painting,$147.60 ,20-Jan-26,,Closed,
1415,19-Jan-26,,IM-1-12736468514,WO/49495,Plumbing,REDACTED,REDACTED,Team 2 ,$452.50 ,20-Jan-26,,Closed,
1416,19-Jan-26,,CT-03204,WO/49499,Plumbing,REDACTED,REDACTED,Team 2 ,$123.00 ,20-Jan-26,,Closed,
1417,19-Jan-26,,CT-03202,WO/49497,Plumbing,REDACTED,REDACTED,Team 2 ,$158.50 ,20-Jan-26,,Closed,
1418,19-Jan-26,,IM-1-12743225797,WO/49498,Plumbing,REDACTED,REDACTED,T1 Plumbing,$306.80 ,20-Jan-26,,Closed,
1419,19-Jan-26,,IM-1-12742823187,WO/49496,Plumbing,REDACTED,REDACTED,T1 Plumbing,$259.50 ,20-Jan-26,,Closed,
1420,19-Jan-26,,IM-1-12743194935,WO/49492,Plumbing,REDACTED,REDACTED,T1 Plumbing,$56.50 ,20-Jan-26,,Closed,
1421,19-Jan-26,,IM-1-12743670872,WO/49494,Plumbing,REDACTED,REDACTED,T1 Plumbing,$95.00 ,20-Jan-26,,Closed,
1422,19-Jan-26,,IM-1-12738764665,WO/49501,Plumbing,REDACTED,REDACTED,T1 Plumbing,$466.06 ,20-Jan-26,,Closed,
1423,19-Jan-26,,IM-1-12738764665,WO/49502,Plumbing,REDACTED,REDACTED,T1 Plumbing,$650.80 ,20-Jan-26,,Closed,
1424,19-Jan-26,,IM-1-12739741094,WO/49508,Plumbing,REDACTED,REDACTED,T1 Plumbing,$76.00 ,20-Jan-26,,Approved,
1425,19-Jan-26,,IM-1-12743225754,WO/49507,Plumbing,REDACTED,REDACTED,T1 Carpentry,$713.28 ,20-Jan-26,,Approved,
1426,19-Jan-26,,IM-1-12741038946,WO/49506,Plumbing,REDACTED,REDACTED,Team 3,$180.00 ,20-Jan-26,,Closed,
1427,19-Jan-26,,RFS-12703733352,WO/49505,Plumbing,REDACTED,REDACTED,Team 3,$372.32 ,20-Jan-26,,Closed,
1428,19-Jan-26,,IM-1-12733986417,WO/49504,Plumbing,REDACTED,REDACTED,Team 3,$353.30 ,20-Jan-26,,Closed,
1429,19-Jan-26,,IM-1-12743752706,WO/49503,Plumbing,REDACTED,REDACTED,Team 3,$294.50 ,20-Jan-26,,Closed,
1430,19-Jan-26,,IM-1-12739614160,WO/49513,Carpentry RF,REDACTED,REDACTED,Team 4,"$2,377.42 ",,,Pending Approval,
1431,19-Jan-26,,RFS-1-12740190515,WO/49512,Plumbing,REDACTED,REDACTED,Team 4,$133.00 ,21-Jan-26,,Closed,
1432,19-Jan-26,,RFS-12739236707,WO/49511,Plumbing,REDACTED,REDACTED,Team 4,$809.90 ,21-Jan-26,,Approved,
1433,19-Jan-26,,RFS-1-12739236707,WO/49510,Masonry,REDACTED,REDACTED,Team 4,$822.08 ,21-Jan-26,,Closed,
1434,19-Jan-26,,IM-1-12739614276,WO/49509,Plumbing,REDACTED,REDACTED,Team 4,$782.55 ,21-Jan-26,,Closed,
1435,20-Jan-26,,RFS-1-12740800704,WO/49514,Carpentry RF,REDACTED,REDACTED,Team 4,$300.00 ,21-Jan-26,,Approved,
1436,20-Jan-26,,RFS-1-12743277167,WO/49520,Carpentry FF,REDACTED,REDACTED,T1 Carpentry,$831.58 ,24-Jan-26,,Closed,
1437,20-Jan-26,,IM-1-12739156336,WO/49519,Carpentry RF,REDACTED,REDACTED,T1 Carpentry,$306.00 ,24-Jan-26,,Closed,
1438,20-Jan-26,,RFS-1-12743276648,WO/49518,Carpentry FF,REDACTED,REDACTED,T1 Carpentry,$74.64 ,24-Jan-26,,Closed,
1439,20-Jan-26,,IM-1-12743210354,WO/49517,Plumbing,REDACTED,REDACTED,Team 4,$155.00 ,24-Jan-26,,Closed,
1440,20-Jan-26,,IM-1-12743210317,WO/49522,Plumbing,REDACTED,REDACTED,Team 4,$21.00 ,24-Jan-26,,Closed,
1441,20-Jan-26,,CT-03207,WO/49525,Plumbing,REDACTED,REDACTED,T1 Plumbing,$452.50 ,24-Jan-26,,Closed,
1442,20-Jan-26,,IM-1-12742823017,WO/49529,Plumbing,REDACTED,REDACTED,Team 4,$98.75 ,24-Jan-26,,Closed,
1443,20-Jan-26,,IM-1-12738867554,WO/49527,Carpentry RF,REDACTED,REDACTED,Team 4,"$4,151.20 ",,,Pending Approval,
1444,20-Jan-26,,IM-1-12743194867,WO/49526,Masonry,REDACTED,REDACTED,Team 4,$505.00 ,,,Pending Approval,
1445,20-Jan-26,,RFS-1-12743627735,WO/49534,Carpentry FF,REDACTED,REDACTED,T1 Carpentry,$969.40 ,21-Jan-26,,Closed,
1446,20-Jan-26,,RFS-1-12744089812,WO/49533,Carpentry FF,REDACTED,REDACTED,T1 Carpentry,$34.00 ,22-Jan-26,,Approved,
1447,20-Jan-26,,IM-1-12741244887,WO/49532,Carpentry FF,REDACTED,REDACTED,T1 Carpentry,$541.85 ,23-Jan-26,,Closed,
1448,20-Jan-26,,IM-1-12728181541,WO/49531,Welding & Painting,REDACTED,REDACTED,Welding,$384.40 ,,,Pending Approval,
1449,21-Jan-26,,RFS-1-12740800718,WO/49537,Plumbing,REDACTED,REDACTED,Team 4,"$1,330.66 ",24-Feb-26,,Approved,
1450,21-Jan-26,,RFS-1-12740800718,WO/49536,Masonry,REDACTED,REDACTED,Team 4,"$1,278.50 ",24-Feb-26,,Approved,
1451,21-Jan-26,,RFS-1-12744237237,WO/49545,Plumbing,REDACTED,REDACTED,T1 Plumbing,$120.50 ,24-Jan-26,,Closed,
1452,21-Jan-26,,RFS-1-12745986589,WO/49558,Masonry,REDACTED,REDACTED,T1 Masonry,$157.50 ,24-Jan-26,,Closed,
1453,21-Jan-26,,RFS-1-12745986589,WO/49559,Carpentry FF,REDACTED,REDACTED,T1 Carpentry,$262.14 ,24-Jan-26,,Closed,
1454,21-Jan-26,,IM-1-12743989410,WO/49556,Plumbing,REDACTED,REDACTED,T1 Plumbing,$279.50 ,24-Jan-26,,Closed,
1455,21-Jan-26,,IM-12743753418,WO/49554,Carpentry RF,REDACTED,REDACTED,T1 Carpentry,$480.00 ,28-Jan-26,,Closed,
1456,21-Jan-26,,IM-1-12743277065,WO/49555,Carpentry RF,REDACTED,REDACTED,T1 Carpentry,$480.00 ,24-Jan-26,,Closed,
1457,22-Jan-26,,CT-03217,WO/49596,Plumbing,REDACTED,REDACTED,T1 Plumbing,$259.50 ,24-Jan-26,,Closed,
1458,22-Jan-26,,IM-1-12743627765,WO/49603,Welding & Painting,REDACTED,REDACTED,Team 4,$643.40 ,24-Jan-26,,Approved,
1459,22-Jan-26,,IM-1-12740921598,WO/49599,Welding & Painting,REDACTED,REDACTED,Team 4,$595.60 ,,,Rejected,
1460,22-Jan-26,,IM-1-12743194902,WO/49602,Welding & Painting,REDACTED,REDACTED,Team 4,$447.60 ,,,Pending Approval,
1461,22-Jan-26,,RFS-1-12743290627,WO/49614,Plumbing,REDACTED,REDACTED,Team 3,$122.00 ,24-Jan-26,,Closed,
1462,22-Jan-26,,RFS-1-12743290627,WO/49612,Plumbing,REDACTED,REDACTED,Team 3,$438.50 ,24-Jan-26,,Closed,
1463,22-Jan-26,,IM-1-12743276673,WO/49610,Plumbing,REDACTED,REDACTED,Team 3,$574.10 ,24-Jan-26,,Closed,
1464,22-Jan-26,,IM-1-12743896439,WO/49608,Welding & Painting,REDACTED,REDACTED,Team 3,$390.00 ,24-Jan-26,,Closed,
1465,22-Jan-26,,IM-1-12743895916,WO/49618,Welding & Painting,REDACTED,REDACTED,T1 Painting,$188.40 ,25-Jan-26,,Closed,
1466,22-Jan-26,,RFS-1-12747258511,WO/49617,Welding & Painting,REDACTED,REDACTED,T1 Painting,$188.40 ,25-Jan-26,,Rejected,
1467,22-Jan-26,,CT-03218,WO/49605,Carpentry FF,REDACTED,REDACTED,T1 Carpentry,$289.40 ,,,Pending Approval,
1468,24-Jan-26,,IM-1-12748340581,WO/49631,Plumbing,REDACTED,REDACTED,T1 Plumbing,$287.60 ,25-Jan-26,,Closed,
1469,24-Jan-26,,RFS-1-12744284561,WO/49630,Carpentry RF,REDACTED,REDACTED,T1 Carpentry,$54.00 ,25-Jan-26,,Closed,
1470,24-Jan-26,,IM-1-12747902903,WO/49620,Plumbing,REDACTED,REDACTED,T1 Plumbing,$294.65 ,25-Jan-26,,Closed,
1471,24-Jan-26,,CT-03224,WO/49619,Plumbing,REDACTED,REDACTED,T1 Plumbing,$753.00 ,25-Jan-26,,Closed,
1472,24-Jan-26,,RFS-1-12728602248,WO/49633,Plumbing,REDACTED,REDACTED,T1 Plumbing,$279.50 ,25-Jan-26,,Closed,
1473,24-Jan-26,,CT-03229,WO/49637,Masonry,REDACTED,REDACTED,Team 2 ,$125.00 ,27-Jan-26,,Closed,
1474,24-Jan-26,,CT-03226,WO/49628,Plumbing,REDACTED,REDACTED,Team 2 ,$423.56 ,27-Jan-26,,Closed,
1475,24-Jan-26,,IM-1-12743784724,WO/49635,Plumbing,REDACTED,REDACTED,Team 2 ,$383.00 ,27-Jan-26,,Closed,
1476,24-Jan-26,,RFS-1-12745454163,WO/49636,Masonry,REDACTED,REDACTED,Team 2 ,$216.00 ,28-Jan-26,,Closed,
1477,24-Jan-26,,IM-1-12743225877,WO/49632,Welding & Painting,REDACTED,REDACTED,Team 2 ,$206.00 ,27-Jan-26,,Closed,
1478,25-Jan-26,,RFS-1-12743290865,WO/49641,Carpentry FF,REDACTED,REDACTED,Team 4,$210.00 ,,,Pending Approval,
1479,25-Jan-26,,IM-1-12740883385,WO/49640,Carpentry RF,REDACTED,REDACTED,Team 4,$324.00 ,26-Jan-26,,Approved,
1480,25-Jan-26,,IM-1-12744090042,WO/49639,Carpentry RF,REDACTED,REDACTED,Team 4,"$1,136.10 ",4-Feb-26,,Approved,
1481,25-Jan-26,,RFS-1-12740727611,WO/49646,Welding & Painting,REDACTED,REDACTED,T1 Painting,$167.22 ,26-Jan-26,,Approved,
1482,25-Jan-26,,RFS-1-12744090179,WO/49644,Welding & Painting,REDACTED,REDACTED,Welding,"$1,342.20 ",27-Jan-26,,Approved,
1483,25-Jan-26,,IM-1-12738424764,WO/49475,Carpentry RF,REDACTED,REDACTED,T1 Carpentry,$132.00 ,26-Jan-26,,Approved,
1484,25-Jan-26,,IM-1-12750202080,WO/49657,Plumbing,REDACTED,REDACTED,T1 Plumbing,$202.00 ,26-Jan-26,,Closed,
1485,25-Jan-26,,CT-03232,WO/49658,Carpentry FF,REDACTED,REDACTED,T1 Painting,$167.00 ,27-Jan-26,,Closed,
1486,25-Jan-26,,CT-03233,WO/49659,Plumbing,REDACTED,REDACTED,T1 Plumbing,$537.75 ,27-Jan-26,,Closed,
1487,25-Jan-26,,IM-1-12743225548,WO/49634,Carpentry FF,REDACTED,REDACTED,Team 2 ,$18.00 ,27-Jan-26,,Closed,
1488,25-Jan-26,,IM-1-12747316808,WO/49642,Welding & Painting,REDACTED,REDACTED,Welding,"$2,321.00 ",,,Pending Approval,
1489,26-Jan-26,,IM-1-12743814782,WO/49670,Carpentry RF,REDACTED,REDACTED,T1 Carpentry,$156.00 ,27-Jan-26,,Closed,
1490,26-Jan-26,,CT-03234,WO/49666,Carpentry FF,REDACTED,REDACTED,T1 Carpentry,$224.84 ,27-Jan-26,,Approved,
1491,26-Jan-26,,IM-1-12743814601,WO/49680,Plumbing,REDACTED,REDACTED,T1 Plumbing,$76.50 ,27-Jan-26,,Closed,
1492,26-Jan-26,,IM-1-12743276913,WO/49673,Plumbing,REDACTED,REDACTED,T1 Plumbing,$76.00 ,27-Jan-26,,Approved,
1493,26-Jan-26,,IM-1-12750575805,WO/49675,Plumbing,REDACTED,REDACTED,T1 Plumbing,$306.78 ,27-Jan-26,,Closed,
1494,27-Jan-26,,IM-1-12750322293,WO/49684,Plumbing,REDACTED,REDACTED,Team 4,$65.50 ,27-Jan-26,,Closed,
1495,27-Jan-26,,IM-1-12710498452,WO/49704,Plumbing,REDACTED,REDACTED,Team 3,$720.00 ,28-Jan-26,,Closed,
1496,27-Jan-26,,RFS-1-12746995333,WO/49700,Carpentry FF,REDACTED,REDACTED,Team 3,$260.20 ,27-Jan-26,,Approved,
1497,27-Jan-26,,IM-1-12726374824,WO/49698,Carpentry RF,REDACTED,REDACTED,Team 3,"$2,916.30 ",,,Pending Approval,
1498,27-Jan-26,,IM-1-12637288346,WO/49697,Welding & Painting,REDACTED,REDACTED,T1 Painting,$248.44 ,3-Feb-26,,Approved,
1499,27-Jan-26,,IM-1-12745378259,WO/49695,Carpentry FF,REDACTED,REDACTED,Team 3,$76.00 ,27-Jan-26,,Closed,
1500,27-Jan-26,,IM-1-12690156860,WO/49696,Carpentry FF,REDACTED,REDACTED,Team 4,$411.28 ,27-Jan-26,,Approved,
1501,27-Jan-26,,IM-1-12707416717,WO/49707,Carpentry FF,REDACTED,REDACTED,Team 2 ,$67.92 ,27-Jan-26,,Closed,
1502,27-Jan-26,,RFS-1-12751623170,WO/49712,Plumbing,REDACTED,REDACTED,T1 Plumbing,$21.00 ,28-Jan-26,,Approved,
1503,27-Jan-26,,RFS-1-12744237166,WO/49708,Carpentry FF,REDACTED,REDACTED,Team 4,$68.00 ,28-Jan-26,,Approved,
1504,27-Jan-26,,RFS-1-12751623163,WO/49710,Plumbing,REDACTED,REDACTED,T1 Plumbing,$819.05 ,28-Jan-26,,Approved,
1505,27-Jan-26,,RFS-1-12752746422,WO/49713,Carpentry FF,REDACTED,REDACTED,T1 Carpentry,$409.56 ,28-Jan-26,,Closed,
1506,27-Jan-26,,CT-03238,WO/49716,Plumbing,REDACTED,REDACTED,T1 Plumbing,$299.40 ,28-Jan-26,,Closed,
1507,27-Jan-26,,IM-1-12747896913,WO/49717,Plumbing,REDACTED,REDACTED,T1 Plumbing,$203.16 ,28-Jan-26,,Closed,
1508,27-Jan-26,,RFS-1-12752308677,WO/49720,Plumbing,REDACTED,REDACTED,T1 Plumbing,$423.60 ,28-Jan-26,,Closed,
1509,27-Jan-26,,IM-1-12747842138,WO/49719,Plumbing,REDACTED,REDACTED,T1 Plumbing,$34.00 ,28-Jan-26,,Closed,
1510,27-Jan-26,,RFS-1-12751902561,WO/49718,Plumbing,REDACTED,REDACTED,T1 Plumbing,$167.70 ,28-Jan-26,,Closed,
1511,28-Jan-26,,RFS-1-12751902665,WO/49736,Plumbing,REDACTED,REDACTED,T1 Plumbing,$56.50 ,29-Jan-26,,Closed,
1512,28-Jan-26,,RFS-1-12747316895,WO/49735,Masonry,REDACTED,REDACTED,Team 4,$609.30 ,,,Approved,
1513,28-Jan-26,,IM-1-12750322097,WO/49729,Carpentry RF,REDACTED,REDACTED,Team 5,$422.70 ,5-Feb-26,,Closed,
1514,28-Jan-26,,IM-1-12747258963,WO/49732,Masonry,REDACTED,REDACTED,Team 4,$100.10 ,29-Jan-26,,Closed,
1515,28-Jan-26,,IM-1-12753232500,WO/49730,Plumbing,REDACTED,REDACTED,T1 Plumbing,$578.20 ,29-Jan-26,,Closed,
1516,28-Jan-26,,RFS-1-12751902665,WO/49738,Plumbing,REDACTED,REDACTED,T1 Plumbing,$259.50 ,28-Jan-26,,Closed,
1517,28-Jan-26,,IM-1-12718401208,WO/49737,Plumbing,REDACTED,REDACTED,T1 Plumbing,$279.50 ,28-Jan-26,,Closed,
1518,28-Jan-26,,IM-1-12753294725,WO/49728,Plumbing,REDACTED,REDACTED,T1 Plumbing,$150.50 ,29-Jan-26,,Closed,
1519,28-Jan-26,,CT-03248,WO/49744,Plumbing,REDACTED,REDACTED,T1 Plumbing,$280.00 ,29-Jan-26,,Closed,
1520,29-Jan-26,,IM-1-12745987190,WO/49748,Plumbing,REDACTED,REDACTED,T1 Plumbing,"$1,119.45 ",29-Jan-26,,Approved,
1521,29-Jan-26,,RFS-1-12751622697,WO/49747,Carpentry RF,REDACTED,REDACTED,Team 4,$336.00 ,29-Jan-26,,Approved,
1522,29-Jan-26,,IM-1-12750322382,WO/49746,Carpentry RF,REDACTED,REDACTED,Team 4,"$2,184.00 ",,,Pending Approval,
1523,29-Jan-26,,IM-1-12753232517,WO/49745,Plumbing,REDACTED,REDACTED,T1 Plumbing,$165.33 ,29-Jan-26,,Closed,
1524,29-Jan-26,,IM-1-12736653359,WO/49754,Welding & Painting,REDACTED,REDACTED,Team 4,$286.00 ,29-Jan-26,,Approved,
1525,29-Jan-26,,RFS-1-12754692698,WO/49760,Masonry,REDACTED,REDACTED,T1 Masonry,$177.50 ,29-Jan-26,,Closed,
1526,29-Jan-26,,RFS-1-12753860850,WO/49758,Plumbing,REDACTED,REDACTED,Team 4,$211.25 ,29-Jan-26,,Closed,
1527,29-Jan-26,,IM-1-12746866297,WO/49757,Carpentry FF,REDACTED,REDACTED,Team 4,$34.00 ,29-Jan-26,,Closed,
1528,29-Jan-26,,CT-03250,WO/49761,Plumbing,REDACTED,REDACTED,T1 Plumbing,$84.50 ,29-Jan-26,,Closed,
1529,29-Jan-26,,IM-1-12754721030,WO/49763,Plumbing,REDACTED,REDACTED,Team 4,$26.50 ,3-Feb-26,,Closed,
1530,31-Jan-26,,IM-1-12753232533,WO/49770,Plumbing,REDACTED,REDACTED,T1 Plumbing,$160.42 ,3-Feb-26,,Closed,
1531,31-Jan-26,,RFS-1-12744236982,WO/49769,Carpentry FF,REDACTED,REDACTED,T1 Carpentry,$457.70 ,3-Feb-26,,Closed,
1532,1-Feb-26,,IM-1-12751578722,WO/49799,Carpentry RF,REDACTED,REDACTED,Team 2 ,$7.20 ,3-Feb-26,,Closed,
1533,1-Feb-26,,IM-1-12751578946,WO/49791,Carpentry RF,REDACTED,REDACTED,Team 2 ,$811.90 ,,,Pending Approval,
1534,1-Feb-26,,RFS-1-12733562713, WO/49800,Carpentry RF,REDACTED,REDACTED,Team 2 ,"$1,102.00 ",3-Feb-26,,Closed,
1535,1-Feb-26,,IM-1-12750844320 ,WO/49789,Carpentry RF,REDACTED,REDACTED,Team 2 ,$360.96 ,3-Feb-26,,Closed,
1536,1-Feb-26,,"	RFS-1-12752308507",WO/49792,Carpentry RF,REDACTED,REDACTED,Team 2 ,$229.60 ,3-Feb-26,,Closed,
1537,1-Feb-26,, RFS-1-12752308512,"WO/49803",Masonry,REDACTED,REDACTED,Team 2 ,"$1,342.50 ",3-Feb-26,,Approved,
1538,1-Feb-26,, IM-1-12750303298,WO/49805,Plumbing,REDACTED,REDACTED,Team 2 ,$315.00 ,3-Feb-26,,Closed,
1539,1-Feb-26,,IM-1-12747841848,WO/49780,Plumbing,REDACTED,REDACTED,Team 4,$422.56 ,2-Feb-26,,Closed,
1540,1-Feb-26,,IM-1-12747841848,,Plumbing,REDACTED,REDACTED,Team 4,$122.00 ,,,Pending Approval,
1541,2-Feb-26,,RFS-1-12746994863,WO/49802,Welding & Painting,REDACTED,REDACTED,Team 5,$472.40 ,4-Feb-26,,Approved,
1542,2-Feb-26,,RFS-1-12755837811,WO/49806,Carpentry RF,REDACTED,REDACTED,T1 Carpentry,$336.12 ,5-Feb-26,,Closed,
1543,2-Feb-26,,IM-1-12758383907,WO/49804,Plumbing,REDACTED,REDACTED,T1 Plumbing,$279.50 ,3-Feb-26,,Closed,
1544,2-Feb-26,,IM-1-12725885124,WO/49784,Carpentry FF,REDACTED,REDACTED,T1 Carpentry,"$1,378.90 ",3-Feb-26,,Approved,
1545,2-Feb-26,,IM-1-12754556527,WO/49783,Carpentry RF,REDACTED,REDACTED,T1 Carpentry,$514.56 ,3-Feb-26,,Approved,
1546,2-Feb-26,,RFS-1-12752343485,WO/49807,Masonry,REDACTED,REDACTED,Team 2 ,$337.50 ,3-Feb-26,,Closed,
1547,2-Feb-26,,RFS-1-12752224160,"WO/49808",Masonry,REDACTED,REDACTED,Team 2 ,$120.00 ,3-Feb-26,,Closed,
1548,2-Feb-26,,RFS-1-12752308647,"WO/49810",Masonry,REDACTED,REDACTED,Team 2 ,$40.00 ,3-Feb-26,,Closed,
1549,2-Feb-26,,RFS-1-12752224167,WO/49812,Masonry,REDACTED,REDACTED,Team 2 ,$135.04 ,3-Feb-26,,Closed,
1550,2-Feb-26,,RFS-1-12752224174,"WO/49813",,REDACTED,REDACTED,Team 2 ,$435.00 ,3-Feb-26,,Approved,
1551,2-Feb-26,,IM-1-12758387297,WO/49811,Plumbing,REDACTED,REDACTED,T1 Plumbing,$259.00 ,3-Feb-26,,Closed,
1552,2-Feb-26,,IM-1-12758024094,WO/49809,Plumbing,REDACTED,REDACTED,T1 Plumbing,$335.00 ,3-Feb-26,,Closed,
1553,2-Feb-26,,RFS-1-12753612181 ,"WO/49814",Masonry,REDACTED,REDACTED,Team 2 ,$635.00 ,3-Feb-26,,Approved,
1554,2-Feb-26,,IM-1-12758393098,WO/49815,Plumbing,REDACTED,REDACTED,T1 Plumbing,$85.50 ,3-Feb-26,,Closed,
1555,2-Feb-26,,RFS-1-12752224146 ,WO/49816,Masonry,REDACTED,REDACTED,Team 2 ,$180.00 ,3-Feb-26,,Closed,
1556,2-Feb-26,,RFS-1-12752223820,WO/49818,Masonry,REDACTED,REDACTED,Team 2 ,$290.00 ,3-Feb-26,,Closed,
1557,2-Feb-26,,RFS-1-12752224181,WO/49817,Masonry,REDACTED,REDACTED,Team 2 ,$472.50 ,3-Feb-26,,Approved,
1558,2-Feb-26,,IM-1-12754868495 ,WO/49820,Masonry,REDACTED,REDACTED,Team 2 ,$96.00 ,3-Feb-26,,Closed,
1559,2-Feb-26,,CT-03256,WO/49819,Plumbing,REDACTED,REDACTED,Team 4,$547.28 ,2-Feb-26,,Closed,
1560,2-Feb-26,,IM-1-12750844425,WO/49822,Plumbing,REDACTED,REDACTED,T1 Plumbing,$108.00 ,3-Feb-26,,Closed,
1561,2-Feb-26,, IM-1-12757432964,WO/49823,Masonry,REDACTED,REDACTED,T1 Masonry,$381.00 ,3-Feb-26,,Approved,
1562,2-Feb-26,, IM-1-12757432964,WO/49824,Plumbing,REDACTED,REDACTED,T1 Plumbing,$105.58 ,3-Feb-26,,Approved,
1563,2-Feb-26,,RFS-1-12752704368,WO/49827,Carpentry FF,REDACTED,REDACTED,T1 Carpentry,$535.24 ,3-Feb-26,,Closed,
1564,2-Feb-26,,RFS-1-12758024036,WO/49834,Carpentry FF,REDACTED,REDACTED,T1 Carpentry,$328.96 ,11-Feb-26,,Approved,
1565,2-Feb-26,,IM-1-12755777339,WO/49833,Carpentry RF,REDACTED,REDACTED,T1 Carpentry,$409.92 ,3-Feb-26,,Approved,
1566,2-Feb-26,,IM-1-12755777339,WO/49832,Welding & Painting,REDACTED,REDACTED,T1 Painting,"$2,449.80 ",5-Mar-26,,Approved,
1567,2-Feb-26,,IM-1-12755777339,WO/49829,Carpentry RF,REDACTED,REDACTED,Team 3,$908.40 ,3-Feb-26,,Approved,
1568,2-Feb-26,,IM-1-12755062342,WO/49830,Plumbing,REDACTED,REDACTED,Team 3,"$1,108.10 ",3-Feb-26,,Approved,
1569,2-Feb-26,,RFS-1-12752223767,WO/49828,Carpentry RF,REDACTED,REDACTED,Team 3,"$1,371.32 ",3-Feb-26,,Closed,
1570,2-Feb-26,,IM-12754990638,WO/49825,Plumbing,REDACTED,REDACTED,Team 3,$374.95 ,3-Feb-26,,Closed,
1571,2-Feb-26,,RFS-1-12752223639,WO/49826,Carpentry FF,REDACTED,REDACTED,Team 3,$580.80 ,3-Feb-26,,Approved,
1572,2-Feb-26,,RFS-1-12758495188,WO/49835,Carpentry FF,REDACTED,REDACTED,T1 Carpentry,$79.80 ,3-Feb-26,,Approved,
1573,3-Feb-26,, IM-1-12758483688,WO/49842,Masonry,REDACTED,REDACTED,Team 2 ,"$1,423.50 ",3-Feb-26,,Approved,
1574,3-Feb-26,,RFS-1-12750575683,"WO/49845
",Plumbing,REDACTED,REDACTED,Team 2 ,$450.00 ,3-Feb-26,,Closed,
1575,3-Feb-26,, IM-1-12758393205,WO/49846,Masonry,REDACTED,REDACTED,Team 2 ,$562.50 ,5-Feb-26,,Closed,
1576,3-Feb-26,,RFS-1-12752223713,WO/49848,Welding & Painting,REDACTED,REDACTED,Welding,$184.00 ,4-Feb-26,,Closed,
1577,3-Feb-26,,RFS-1-12753612120,WO/49844,Welding & Painting,REDACTED,REDACTED,Welding,$225.00 ,4-Feb-26,,Pending Approval,
1578,3-Feb-26,,IM-1-12758483557,WO/49849,Plumbing,REDACTED,REDACTED,T1 Plumbing,$101.75 ,,,Pending Approval,
1579,3-Feb-26,,IM-1-12758383522,WO/49850,Carpentry FF,REDACTED,REDACTED,T1 Carpentry,$117.00 ,3-Feb-26,,Closed,
1580,3-Feb-26,,IM-1-12759298567,WO/49858,Plumbing,REDACTED,REDACTED,T1 Plumbing,$129.40 ,3-Feb-26,,Closed,
1581,3-Feb-26,,IM-1-12751622849,WO/49857,Carpentry RF,REDACTED,REDACTED,Team 4,"$4,645.20 ",,,Pending Approval,
1582,3-Feb-26,,RFS-1-12750322268,WO/49853,Carpentry FF,REDACTED,REDACTED,Team 4,$6.00 ,3-Feb-26,,Closed,
1583,3-Feb-26,,RFS-1-12754720865,WO/49854,Carpentry FF,REDACTED,REDACTED,Team 4,$260.72 ,3-Feb-26,,Approved,
1584,3-Feb-26,,RFS-1-12758483723 ,WO/49859,Carpentry RF,REDACTED,REDACTED,,"$3,497.96 ",,,Pending Approval,
1585,3-Feb-26,, RFS-1-12752344136,WO/49860,Welding & Painting,REDACTED,REDACTED,Team 2 ,$539.50 ,3-Feb-26,,Closed,
1586,3-Feb-26,,IM-1-12752434464,WO/49872,Carpentry RF,REDACTED,REDACTED,Team 4,$972.00 ,4-Feb-26,,Approved,
1587,3-Feb-26,,IM-1-12759540561,WO/49873,Masonry,REDACTED,REDACTED,T1 Masonry,$460.50 ,4-Feb-26,,Closed,
1588,3-Feb-26,,IM-1-12756124150,WO/49871,Masonry,REDACTED,REDACTED,Team 4,$137.46 ,4-Feb-26,,Closed,
1589,3-Feb-26,,RFS-1-12755837589,WO/49870,Masonry,REDACTED,REDACTED,Team 4,$428.50 ,4-Feb-26,,Approved,
1590,4-Feb-26,,IM-1-12754557427,WO/49881,Welding & Painting,REDACTED,REDACTED,Welding,"$4,372.00 ",,,Rejected,
1591,4-Feb-26,,RFS-1-12739076776,WO/49880,Masonry,REDACTED,REDACTED,T1 Masonry,"$1,272.50 ",,,Rejected,
1592,4-Feb-26,,IM-1-12761449739,WO/49892,Plumbing,REDACTED,REDACTED,T1 Plumbing,$45.50 ,5-Feb-26,,Closed,
1593,4-Feb-26,,IM-1-12759407900,WO/49899,Plumbing,REDACTED,REDACTED,Team 3,$532.50 ,8-Feb-26,,Closed,
1594,4-Feb-26,,IM-1-12759540776,WO/49898,Plumbing,REDACTED,REDACTED,T1 Plumbing,$312.75 ,5-Feb-26,,Closed,
1595,4-Feb-26,,IM-1-12759408171,WO/49897,Plumbing,REDACTED,REDACTED,Team 3,$540.50 ,8-Feb-26,,Closed,
1596,4-Feb-26,,IM-1-12759407785,WO/49895,Plumbing,REDACTED,REDACTED,Team 3,$130.00 ,8-Feb-26,,Closed,
1597,4-Feb-26,,RFS-1-12751714722,WO/49893,Plumbing,REDACTED,REDACTED,Team 3,$38.40 ,5-Feb-26,,Approved,
1598,4-Feb-26,,RFS-1-12758933163,WO/49907,Welding & Painting,REDACTED,REDACTED,T1 Painting,$312.40 ,5-Feb-26,,Closed,
1599,4-Feb-26,,IM-1-12759540646,WO/49906,Welding & Painting,REDACTED,REDACTED,T1 Painting,$94.90 ,5-Feb-26,,Closed,
1600,4-Feb-26,,IM-1-12759540711,WO/49905,Welding & Painting,REDACTED,REDACTED,T1 Painting,$73.20 ,5-Feb-26,,Closed,
1601,4-Feb-26,,IM-1-12759540476,WO/49904,Welding & Painting,REDACTED,REDACTED,T1 Painting,$158.10 ,5-Feb-26,,Closed,
1602,4-Feb-26,,IM-1-12759540561,WO/49903,Welding & Painting,REDACTED,REDACTED,T1 Painting,$247.40 ,5-Feb-26,,Closed,
1603,4-Feb-26,,RFS-1-12760215802,WO/49884,Plumbing,REDACTED,REDACTED,T1 Plumbing,$279.50 ,5-Feb-26,,Closed,
1604,5-Feb-26,, CT-03262,WO/49914,Plumbing,REDACTED,REDACTED,T1 Plumbing,$155.50 ,8-Feb-26,,Closed,
1605,5-Feb-26,,IM-1-12761231137,WO/49919,Welding & Painting,REDACTED,REDACTED,T1 Painting,$387.90 ,9-Feb-26,,Closed,
1606,5-Feb-26,,RFS-1-12762570623,WO/49920,Plumbing,REDACTED,REDACTED,T1 Plumbing,$253.78 ,5-Feb-26,,Closed,
1607,5-Feb-26,,IM-1-12759540646,WO/49916,Plumbing,REDACTED,REDACTED,T1 Plumbing,$161.00 ,5-Feb-26,,Closed,
1608,7-Feb-26,,IM-1-12761326816,WO/49931,Plumbing,REDACTED,REDACTED,Team 4,$280.00 ,8-Feb-26,,Closed,
1609,7-Feb-26,,RFS-1-12760215874,WO/49930,Carpentry RF,REDACTED,REDACTED,Team 3,$449.28 ,9-Feb-26,,Pending Approval,
1610,7-Feb-26,,IM-1-12759540476,WO/49927,Carpentry FF,REDACTED,REDACTED,T1 Carpentry,$62.10 ,8-Feb-26,,Closed,
1611,7-Feb-26,,RFS-1-12673018241,WO/49935,Welding & Painting,REDACTED,REDACTED,T1 Painting,$790.20 ,8-Feb-26,,Approved,
1612,7-Feb-26,,RFS-1-12761958379,WO/49934,Plumbing,REDACTED,REDACTED,Team 4,$109.25 ,8-Feb-26,,Closed,
1613,7-Feb-26,,IM-1-12761958372,WO/49933,Plumbing,REDACTED,REDACTED,Team 4,$93.15 ,8-Feb-26,,Closed,
1614,7-Feb-26,,IM-1-12762021611,WO/49939,Carpentry FF,REDACTED,REDACTED,T1 Carpentry,$300.86 ,8-Feb-26,,Approved,
1615,8-Feb-26,,IM-1-12762873505,WO/49945,Plumbing,REDACTED,REDACTED,T1 Plumbing,$177.93 ,17-Feb-26,,Approved,
1616,8-Feb-26,,RFS-1-12764835957,WO/49951,Welding & Painting,REDACTED,REDACTED,T1 Painting,$294.20 ,9-Feb-26,,Closed,
1617,8-Feb-26,,IM-1-12741164706,WO/49950,Welding & Painting,REDACTED,REDACTED,T1 Painting,$554.60 ,9-Feb-26,,Closed,
1618,8-Feb-26,,RFS-1-12762514146,WO/49948,Masonry,REDACTED,REDACTED,T1 Masonry,$696.50 ,11-Feb-26,,Approved,
1619,8-Feb-26,,RFS-1-12760029716,WO/49955,Plumbing,REDACTED,REDACTED,Team 4,"$3,399.00 ",9-Feb-26,,Closed,
1620,9-Feb-26,,IM-1-12736824152 ,WO/49967,Plumbing,REDACTED,REDACTED,Team 5,$411.66 ,9-Feb-26,,Closed,
1621,9-Feb-26,, RFS-1-12683459252,"WO/49968",Masonry,REDACTED,REDACTED,Team 3,$308.64 ,9-Feb-26,,Approved,
1622,9-Feb-26,, IM-1-12762650961,WO/49969,Carpentry RF,REDACTED,REDACTED,Team 2 ,$115.64 ,9-Feb-26,,Closed,
1623,9-Feb-26,,IM-1-12726018834,WO/49980,Carpentry FF,REDACTED,REDACTED,T1 Carpentry,$320.76 ,9-Feb-26,,Approved,
1624,9-Feb-26,,RFS-1-12729867542,WO/49970,Carpentry FF,REDACTED,REDACTED,Team 2 ,$90.00 ,9-Feb-26,,Closed,
1625,9-Feb-26,,RFS-1-12755837811,WO/49979,Welding & Painting,REDACTED,REDACTED,T1 Painting,$447.40 ,2/11/2026,,Closed,
1626,9-Feb-26,,IM-1-12765869715,WO/49977,Plumbing,REDACTED,REDACTED,T1 Plumbing,$100.50 ,12-Feb-26,,Closed,
1627,9-Feb-26,,RFS-1-12764836246,WO/49972,Welding & Painting,REDACTED,REDACTED,T1 Painting,$287.50 ,11-Feb-26,,Closed,
1628,9-Feb-26,,IM-1-12764965415,WO/49988,Plumbing,REDACTED,REDACTED,T1 Plumbing,$498.50 ,11-Feb-26,,Approved,
1629,9-Feb-26,,IM-1-12765418014,WO/49986,Carpentry RF,REDACTED,REDACTED,T1 Carpentry,$526.50 ,11-Feb-26,,Approved,
1630,9-Feb-26,,IM-1-12761501649,WO/49987,Carpentry FF,REDACTED,REDACTED,T1 Carpentry,$387.60 ,17-Feb-26,,Approved,
1631,9-Feb-26,,IM-1-12762570523,WO/49985,Carpentry FF,REDACTED,REDACTED,T1 Carpentry,$93.84 ,11-Feb-26,,Approved,
1632,9-Feb-26,,RFS-1-12764835656,WO/49995,Carpentry FF,REDACTED,REDACTED,Team 3,$82.00 ,11-Feb-26,,Closed,
1633,9-Feb-26,,RFS-1-12765373015,WO/49996,Carpentry FF,REDACTED,REDACTED,Team 3,$85.00 ,11-Feb-26,,Closed,
1634,9-Feb-26,,IM-1-12761350270,WO/49999,Carpentry FF,REDACTED,REDACTED,Team 4,$426.00 ,11-Feb-26,,Approved,
1635,9-Feb-26,,IM-1-12759272676,WO/49998,Plumbing,REDACTED,REDACTED,Team 5,$551.56 ,11-Feb-26,,Closed,
1636,9-Feb-26,,IM-1-12762799766,WO/50008,Carpentry FF,REDACTED,REDACTED,T1 Carpentry,$173.00 ,,,Rejected,
1637,10-Feb-26,,IM-1-12765402651,WO/50006,Carpentry FF,REDACTED,REDACTED,T1 Carpentry,$66.90 ,11-Feb-26,,Closed,
1638,10-Feb-26,,IM-1-12763114526,WO/50005,Carpentry FF,REDACTED,REDACTED,T1 Carpentry,$22.40 ,11-Feb-26,,Approved,
1639,10-Feb-26,,IM-1-12765402758,WO/50007,Welding & Painting,REDACTED,REDACTED,T1 Painting,$335.20 ,11-Feb-26,,Closed,
1640,11-Feb-26,,RFS-1-12765372908,WO/50012,Masonry,REDACTED,REDACTED,T1 Masonry,"$2,008.50 ",24-Feb-26,,Approved,
1641,11-Feb-26,,IM-1-12767724589,WO/50016,Plumbing,REDACTED,REDACTED,T1 Plumbing,$57.00 ,11-Feb-26,,Closed,
1642,11-Feb-26,,RFS-1-12767582960,WO/50018,Carpentry FF,REDACTED,REDACTED,T1 Carpentry,$92.34 ,11-Feb-26,,Approved,
1643,11-Feb-26,,IM-1-12765814394,WO/50021,Plumbing,REDACTED,REDACTED,T1 Plumbing,$61.75 ,11-Feb-26,,Closed,
1644,11-Feb-26,,RFS-1-12767237263,WO/50025,Welding & Painting,REDACTED,REDACTED,T1 Painting,$374.70 ,11-Feb-26,,Approved,
1645,11-Feb-26,,RFS-1-12767237258,WO/50024,Welding & Painting,REDACTED,REDACTED,T1 Painting,$297.20 ,11-Feb-26,,Closed,
1646,11-Feb-26,,IM-1-12765417998,WO/50020,Carpentry FF,REDACTED,REDACTED,T1 Carpentry,$409.36 ,11-Feb-26,,Approved,
1647,11-Feb-26,,IM-1-12765402840 ,WO/50028,Carpentry RF,REDACTED,REDACTED,Team 5,$26.40 ,11-Feb-26,,Closed,
1648,11-Feb-26,,IM-1-12765869689,WO/50035,Carpentry FF,REDACTED,REDACTED,T1 Carpentry,$83.64 ,12-Feb-26,,Closed,
1649,11-Feb-26,,RFS-1-12767237253,WO/50033,Welding & Painting,REDACTED,REDACTED,T1 Painting,$401.70 ,12-Feb-26,,Closed,
1650,11-Feb-26,,RFS-12767336293,WO/50032,Carpentry FF,REDACTED,REDACTED,T1 Carpentry,$185.70 ,17-Feb-26,,Closed,
1651,11-Feb-26,,RFS-1-12768857876,WO/50023,Carpentry FF,REDACTED,REDACTED,T1 Carpentry,$320.00 ,,,Pending Approval,
1652,12-Feb-26,,"
IM-1-12739236652","WO/50036",Carpentry RF,REDACTED,REDACTED,Team 2 ,$86.40 ,17-Feb-26,,Approved,
1653,12-Feb-26,,RFS-1-12767336091,WO/50037,Welding & Painting,REDACTED,REDACTED,Team 2 ,$391.60 ,12-Feb-26,,Closed,
1654,12-Feb-26,,IM-1-12762987010 ,WO/50038,Welding & Painting,REDACTED,REDACTED,Team 3,"$1,476.40 ",12-Feb-26,,Closed,
1655,12-Feb-26,,RFS-1-12765373022,WO/50039,Welding & Painting,REDACTED,REDACTED,Team 2 ,$902.40 ,12-Feb-26,,Closed,
1656,12-Feb-26,,RFS-1-12767336243 ,"WO/50042",Plumbing,REDACTED,REDACTED,Team 2 ,$113.50 ,12-Feb-26,,Closed,
1657,12-Feb-26,,RFS-1-12767335492 , WO/50045,Plumbing,REDACTED,REDACTED,T1 Plumbing,$140.50 ,12-Feb-26,,Closed,
1658,12-Feb-26,,IM-1-12769420852,WO/50050,Plumbing,REDACTED,REDACTED,T1 Plumbing,$381.00 ,12-Feb-26,,Closed,
1659,12-Feb-26,,IM-1-12758484146,WO/50051,Carpentry RF,REDACTED,REDACTED,T1 Carpentry,$324.00 ,12-Feb-26,,Approved,
1660,12-Feb-26,,IM-1-12769521922,WO/50053,Carpentry RF,REDACTED,REDACTED,T1 Carpentry,$193.50 ,17-Feb-26,,Approved,
1661,12-Feb-26,,IM-1-12767237243,WO/50056,Carpentry FF,REDACTED,REDACTED,T1 Carpentry,$29.04 ,,,Pending Approval,
1662,14-Feb-26,,RFS-1-12766392249,WO/50059,Carpentry FF,REDACTED,REDACTED,Team 3,$45.45 ,17-Feb-26,,Closed,
1663,14-Feb-26,,IM-1-12766125548,WO/50058,Welding & Painting,REDACTED,REDACTED,T1 Painting,$911.50 ,17-Feb-26,,Approved,
1664,14-Feb-26,,IM-1-12768979863,WO/50057,Welding & Painting,REDACTED,REDACTED,T1 Painting,$247.40 ,19-Feb-26,,Closed,
1665,14-Feb-26,,RFS-1-12771192098,WO/50060,Plumbing,REDACTED,REDACTED,T1 Plumbing,$34.90 ,,,Pending Approval,
1666,14-Feb-26,,RFS-1-12766391964 ,WO/50064,Carpentry FF,REDACTED,REDACTED,Team 4,$47.00 ,17-Feb-26,,Closed,
1667,14-Feb-26,,RFS-1-12767287778,WO/50063,Plumbing,REDACTED,REDACTED,Team 4,$98.75 ,17-Feb-26,,Closed,
1668,14-Feb-26,,IM-1-12760005858,WO/50062,Carpentry FF,REDACTED,REDACTED,Team 4,$160.00 ,17-Feb-26,,Closed,
1669,15-Feb-26,,CT-03290,WO/50095,Plumbing,REDACTED,REDACTED,Team 2 ,$846.12 ,12-Feb-26,,Closed,
1670,15-Feb-26,,IM-1-12769344691,WO/50100,Welding & Painting,REDACTED,REDACTED,T1 Painting,$267.60 ,23-Feb-26,,Closed,
1671,15-Feb-26,,RFS-1-12771291661,WO/50091,Welding & Painting,REDACTED,REDACTED,Welding,$70.00 ,17-Feb-26,,Approved,
1672,15-Feb-26,,RFS-1-12771192139,WO/50093,Welding & Painting,REDACTED,REDACTED,Welding,$225.00 ,17-Feb-26,,Closed,
1673,15-Feb-26,,IM-1-12761450261,WO/50087,Welding & Painting,REDACTED,REDACTED,Welding,"$4,811.80 ",,,Rejected,
1674,15-Feb-26,,IM-1-12750575637,WO/50080,Welding & Painting,REDACTED,REDACTED,Welding,"$4,781.80 ",,,Rejected,
1675,15-Feb-26,,IM-12767336152,WO/50079,Plumbing,REDACTED,REDACTED,Team 4,$246.65 ,17-Feb-26,,Closed,
1676,15-Feb-26,,IM-1-12765402804,WO/50077,Carpentry RF,REDACTED,REDACTED,Team 5,$174.00 ,18-Feb-26,,Closed,
1677,15-Feb-26,,RFS-1-12771291889,WO/50103,Welding & Painting,REDACTED,REDACTED,Welding,$158.40 ,17-Feb-26,,Closed,
1678,15-Feb-26,,IM-1-12715981949,WO/50102,Carpentry RF,REDACTED,REDACTED,Team 4,$872.40 ,17-Feb-26,,Approved,
1679,16-Feb-26,, IM-1-12773516829,WO/50107,Plumbing,REDACTED,REDACTED,T1 Plumbing,$507.66 ,19-Feb-26,,Approved,
1680,16-Feb-26,,IM-1-12773517188,WO/50119,Welding & Painting,REDACTED,REDACTED,T1 Painting,$103.70 ,19-Feb-26,,Closed,
1681,16-Feb-26,,RFS-1-12773448585,WO/50118,Welding & Painting,REDACTED,REDACTED,T1 Painting,$252.40 ,24-Feb-26,,Closed,
1682,16-Feb-26,,RFS-1-12773517259,WO/50116,Plumbing,REDACTED,REDACTED,T1 Plumbing,$123.72 ,19-Feb-26,,Closed,
1683,16-Feb-26,,IM-1-12769345181,WO/50113,Plumbing,REDACTED,REDACTED,T1 Plumbing,$177.15 ,19-Feb-26,,Closed,
1684,16-Feb-26,,RFS-1-12773449198,WO/50111,Plumbing,REDACTED,REDACTED,T1 Plumbing,$259.50 ,19-Feb-26,,Closed,
1685,16-Feb-26,,RFS-1-12771846523,WO/50124,Plumbing,REDACTED,REDACTED,T1 Plumbing,$374.25 ,17-Feb-26,,Closed,
1686,16-Feb-26,,CT-03261,WO/49990,Plumbing,REDACTED,REDACTED,T1 Plumbing,$68.00 ,17-Feb-26,,Closed,
1687,16-Feb-26,,IM-1-12768795983 ,WO/50126,Plumbing,REDACTED,REDACTED,Team 2 ,$140.28 ,17-Feb-26,,Closed,
1688,16-Feb-26,,IM-1-12772721074,WO/50127,Plumbing,REDACTED,REDACTED,Team 3,$130.00 ,17-Feb-26,,Closed,
1689,16-Feb-26,,IM-1-12769344734,WO/50125,Plumbing,REDACTED,REDACTED,Team 3,$131.10 ,17-Feb-26,,Closed,
1690,16-Feb-26,,CT-03287,WO/50128,Plumbing,REDACTED,REDACTED,Team 4,$219.50 ,18-Feb-26,,Closed,
1691,17-Feb-26,,IM-1-12760500817,WO/50130,Carpentry RF,REDACTED,REDACTED,T1 Carpentry,$355.20 ,19-Feb-26,,Approved,
1692,17-Feb-26,,RFS-1-12773953999,WO/50131,Welding & Painting,REDACTED,REDACTED,Welding,$206.90 ,19-Feb-26,,Closed,
1693,17-Feb-26,,CT-032301,WO/50132,Plumbing,REDACTED,REDACTED,Team 2 ,$157.25 ,17-Feb-26,,Closed,
1694,17-Feb-26,,IM-1-12765402902,WO/50043,Plumbing,REDACTED,REDACTED,T1 Plumbing,$612.00 ,,,Pending Approval,
1695,17-Feb-26,,RFS-1-12766034475,WO/50139,Carpentry FF,REDACTED,REDACTED,T1 Carpentry,$202.30 ,19-Feb-26,,Approved,
1696,17-Feb-26,, IM-1-12760500817,WO/50140,Welding & Painting,REDACTED,REDACTED,T1 Carpentry,$833.50 ,19-Feb-26,,Approved,
1697,17-Feb-26,,IM-1-12773475856,WO/50149,Carpentry FF,REDACTED,REDACTED,T1 Carpentry,$201.78 ,,,Pending Approval,
1698,17-Feb-26,,RFS-1-12740727611,WO/50148,Welding & Painting,REDACTED,REDACTED,T1 Painting,$353.20 ,19-Feb-26,,Approved,
1699,17-Feb-26,,RFS-1-12773448585,WO/50147,Welding & Painting,REDACTED,REDACTED,T1 Masonry,$414.16 ,19-Feb-26,,Approved,
1700,17-Feb-26,,RFS-1-12768652040,WO/50146,Plumbing,REDACTED,REDACTED,T1 Plumbing,$259.75 ,23-Feb-26,,Closed,
1701,17-Feb-26,,RFS-1-12771406342,WO/50144,Carpentry FF,REDACTED,REDACTED,T1 Carpentry,$46.00 ,19-Feb-26,,Closed,
1702,17-Feb-26,,CT-032303,WO/50153,Plumbing,REDACTED,REDACTED,Team 2 ,$627.00 ,18-Feb-26,,Closed,
1703,18-Feb-26,,IM-1-12773517224,WO/50155,Welding & Painting,REDACTED,REDACTED,T1 Painting,$248.70 ,19-Feb-26,,Closed,
1704,18-Feb-26,,IM-1-12770646490,WO/50154,Plumbing,REDACTED,REDACTED,Team 5,$117.74 ,20-Feb-26,,Closed,
1705,18-Feb-26,,IM-1-12774315909,WO/50156,Masonry,REDACTED,REDACTED,T1 Masonry,$407.66 ,19-Feb-26,,Approved,
1706,18-Feb-26,,IM-1-12776968661,WO/50158,Plumbing,REDACTED,REDACTED,T1 Plumbing,$319.50 ,19-Feb-26,,Closed,
1707,18-Feb-26,,IM-1-12775270668,WO/50161,Carpentry FF,REDACTED,REDACTED,Team 4,$30.45 ,19-Feb-26,,Approved,
1708,18-Feb-26,,IM-1-12775083886,WO/50160,Masonry,REDACTED,REDACTED,T1 Masonry,$387.66 ,19-Feb-26,,Approved,
1709,18-Feb-26,,RFS-1-12774316047,WO/50159,Carpentry RF,REDACTED,REDACTED,T1 Carpentry,$490.56 ,19-Feb-26,,Closed,
1710,18-Feb-26,,RFS-1-12773184952,WO/50162,Masonry,REDACTED,REDACTED,Team 4,$976.50 ,24-Feb-26,,Approved,
1711,19-Feb-26,,RFS-1-12773184953,WO/50166,Plumbing,REDACTED,REDACTED,Team 4,"$1,484.50 ",24-Feb-26,,Approved,
1712,19-Feb-26,,IM-1-12774359646,WO/50170,Carpentry FF,REDACTED,REDACTED,T1 Carpentry,$120.84 ,22-Feb-26,,Approved,
1713,19-Feb-26,,IM-1-12770646648,WO/50168,Carpentry FF,REDACTED,REDACTED,Team 3,$119.28 ,19-Feb-26,,Closed,
1714,19-Feb-26,,IM-1-12743706234,WO/50169,Carpentry RF,REDACTED,REDACTED,Team 3,$908.40 ,19-Feb-26,,Approved,
1715,19-Feb-26,,RFS-1-12777806522,WO/50171,Masonry,REDACTED,REDACTED,T1 Masonry,$471.66 ,19-Feb-26,,Approved,
1716,19-Feb-26,,IM-1-12774208268,WO/50172,Carpentry FF,REDACTED,REDACTED,T1 Carpentry,$131.28 ,19-Feb-26,,Closed,
1717,19-Feb-26,,RFS-1-12777192557,WO/50175,Masonry,REDACTED,REDACTED,T1 Masonry,$405.00 ,,,Rejected,
1718,19-Feb-26,,IM-1-12773475724,WO/50181,Plumbing,REDACTED,REDACTED,Team 3,$140.50 ,19-Feb-26,,Approved,
1719,19-Feb-26,,IM-1-12773811990,WO/50180,Plumbing,REDACTED,REDACTED,Team 3,$436.00 ,19-Feb-26,,Closed,
1720,21-Feb-26,,"	IM-1-12773811894",WO/50185,Plumbing,REDACTED,REDACTED,Team 5,$495.12 ,22-Feb-26,,Approved,
1721,21-Feb-26,,IM-1-12773475614,WO/50186,Carpentry RF,REDACTED,REDACTED,Team 2 ,$109.00 ,22-Feb-26,,Approved,
1722,21-Feb-26,,IM-1-12774171268 ,WO/50187,Carpentry RF,REDACTED,REDACTED,Team 2 ,$81.60 ,22-Feb-26,,Approved,
1723,21-Feb-26,,IM-1-12779874874 ,"WO/50184",Carpentry FF,REDACTED,REDACTED,T1 Carpentry,$61.14 ,23-Feb-26,,Closed,
1724,21-Feb-26,,RFS-1-12773448951,WO/50192,Carpentry FF,REDACTED,REDACTED,T1 Carpentry,$108.84 ,22-Feb-26,,Approved,
1725,21-Feb-26,,RFS-1-12779552943,WO/50191,Plumbing,REDACTED,REDACTED,T1 Plumbing,$294.50 ,22-Feb-26,,Closed,
1726,21-Feb-26,,IM-1-12775083886,WO/50196,Plumbing,REDACTED,REDACTED,T1 Plumbing,$406.50 ,23-Feb-26,,Approved,
1727,21-Feb-26,,RFS-1-12776969081,WO/50194,Carpentry FF,REDACTED,REDACTED,Team 3,$55.00 ,22-Feb-26,,Closed,
1728,21-Feb-26,,IM-1-12692297915,WO/50195,Carpentry FF,REDACTED,REDACTED,Team 3,$205.00 ,22-Feb-26,,Approved,
1729,21-Feb-26,,IM-1-12773743922,WO/50193,Plumbing,REDACTED,REDACTED,Team 3,$621.15 ,22-Feb-26,,Approved,
1730,23-Feb-26,,IM-1-12781871206,WO/50211,Plumbing,REDACTED,REDACTED,T1 Plumbing,$515.00 ,,,Rejected,
1731,23-Feb-26,,RFS-1-12780854627,WO/50212,Plumbing,REDACTED,REDACTED,T1 Plumbing,$153.25 ,23-Feb-26,,Closed,
1732,23-Feb-26,,IM-1-12781569007,WO/50216,Plumbing,REDACTED,REDACTED,T1 Plumbing,$338.25 ,23-Feb-26,,Closed,
1733,23-Feb-26,,RFS-1-12776924315,WO/50215,Masonry,REDACTED,REDACTED,Team 2 ,$120.00 ,23-Feb-26,,Closed,
1734,23-Feb-26,,RFS-1-12776924329 ,WO/50217,Carpentry RF,REDACTED,REDACTED,Team 2 ,$73.00 ,23-Feb-26,,Approved,
1735,23-Feb-26,,RFS-1-12781871019,WO/50218,Carpentry FF,REDACTED,REDACTED,Team 2 ,$98.20 ,23-Feb-26,,Approved,
1736,23-Feb-26,,IM-1-12741164680,WO/50220,Masonry,REDACTED,REDACTED,Team 4,$171.00 ,23-Feb-26,,Approved,
1737,23-Feb-26,,RFS-1-12779456441,WO/50222,Masonry,REDACTED,REDACTED,Team 4,$56.60 ,23-Feb-26,,Closed,
1738,23-Feb-26,,RFS-1-1273386427,WO/50225,Plumbing,REDACTED,REDACTED,T1 Plumbing,$527.16 ,23-Feb-26,,Approved,
1739,23-Feb-26,,RFS-1-12773185292,WO/50135,Plumbing,REDACTED,REDACTED,T1 Plumbing,$45.00 ,24-Feb-26,,Closed,
1740,23-Feb-26,,IM-1-12743276726,WO/50204,Carpentry FF,REDACTED,REDACTED,T1 Carpentry,$586.20 ,,,Closed,
1741,23-Feb-26,,IM-1-12777535182,WO/50203,Carpentry FF,REDACTED,REDACTED,T1 Carpentry,$342.96 ,,,Approved,
1742,23-Feb-26,,RFS-1-12784319145,WO/50233,Carpentry RF,REDACTED,REDACTED,T1 Carpentry,$484.20 ,24-Feb-26,,Closed,
1743,23-Feb-26,,IM-1-12779874920,WO/50234,Masonry,REDACTED,REDACTED,T1 Masonry,$422.66 ,24-Feb-26,,Approved,
1744,23-Feb-26,,RFS-1-12780683325,WO/50232,Plumbing,REDACTED,REDACTED,T1 Plumbing,$487.00 ,,,Approved,
1745,24-Feb-26,, RFS-1-12783386036,"WO/50238",Masonry,REDACTED,REDACTED,Team 5,$90.00 ,24-Feb-26,,Approved,
1746,24-Feb-26,,IM-1-12774910984,WO/50239,Plumbing,REDACTED,REDACTED,Team 3,$150.25 ,24-Feb-26,,Closed,
1747,24-Feb-26,,RFS-1-12628555939,WO/50241,Masonry,REDACTED,REDACTED,Team 4,$337.28 ,3-Mar-26,,Approved,
1748,24-Feb-26,,CT-03306,WO/50164,Carpentry FF,REDACTED,REDACTED,Team 3,$433.70 ,4-Mar-26,,Closed,
1749,24-Feb-26,,RFS-1-12783385821,WO/50245,Plumbing,REDACTED,REDACTED,T1 Plumbing,$220.50 ,24-Feb-26,,Closed,
1750,24-Feb-26,,IM-1-12785007807,WO/50243,Carpentry FF,REDACTED,REDACTED,T1 Carpentry,$13.50 ,24-Feb-26,,Closed,
1751,24-Feb-26,,RFS-1-12783385626,WO/50242,Carpentry FF,REDACTED,REDACTED,T1 Carpentry,$206.66 ,17-Mar-26,,Approved,
1752,24-Feb-26,, RFS-1-12783385826,WO/50248,Carpentry FF,REDACTED,REDACTED,T1 Carpentry,$625.08 ,24-Feb-26,,Approved,
1753,24-Feb-26,,RFS-1-12783385841,WO/50250,Carpentry FF,REDACTED,REDACTED,T1 Carpentry,$625.08 ,24-Feb-26,,Approved,
1754,24-Feb-26,,RFS-1-12783385836,"WO/50251",Carpentry FF,REDACTED,REDACTED,T1 Carpentry,$625.08 ,24-Feb-26,,Approved,
1755,24-Feb-26,,IM-1-12785103893,WO/50249,Plumbing,REDACTED,REDACTED,Team 4,$371.50 ,24-Feb-26,,Closed,
1756,24-Feb-26,,IM-1-12782393330,WO/50247,Plumbing,REDACTED,REDACTED,Team 4,$185.00 ,24-Feb-26,,Closed,
1757,24-Feb-26,,RFS-1-12783385831,WO/50252,Carpentry FF,REDACTED,REDACTED,T1 Carpentry,$625.08 ,24-Feb-26,,Approved,
1758,24-Feb-26,,RFS-1-12783385846 ,WO/50253,Carpentry FF,REDACTED,REDACTED,T1 Carpentry,$625.08 ,24-Feb-26,,Approved,
1759,24-Feb-26,, RFS-1-12783385851,WO/50254,Carpentry FF,REDACTED,REDACTED,T1 Carpentry,$625.08 ,24-Feb-26,,Approved,
1760,24-Feb-26,,RFS-1-12783385727,WO/50256,Carpentry FF,REDACTED,REDACTED,T1 Carpentry,$625.08 ,24-Feb-26,,Approved,
1761,24-Feb-26,,RFS-1-12783386385,WO/50255,Plumbing,REDACTED,REDACTED,Team 4,$123.00 ,24-Feb-26,,Closed,
1762,24-Feb-26,,IM-1-12785008475,WO/50257,Plumbing,REDACTED,REDACTED,Team 4,$152.50 ,24-Feb-26,,Closed,
1763,24-Feb-26,,RFS-1-12783386220,WO/50258,Plumbing,REDACTED,REDACTED,T1 Plumbing,$100.00 ,24-Feb-26,,Approved,
1764,24-Feb-26,,CT-03319,WO/50237,Plumbing,REDACTED,REDACTED,T1 Plumbing,$422.56 ,25-Feb-26,,Closed,
1765,24-Feb-26,,RFS-1-12783386097,WO/50259,Plumbing,REDACTED,REDACTED,T1 Plumbing,$167.58 ,26-Feb-26,,Closed,
1766,25-Feb-26,,IM-1-12787065037,WO/50277,Plumbing,REDACTED,REDACTED,T1 Plumbing,$104.50 ,26-Feb-26,,Closed,
1767,25-Feb-26,,IM-1-12770204315,WO/50271,Carpentry FF,REDACTED,REDACTED,T1 Carpentry,$50.00 ,27-Feb-26,,Closed,
1768,25-Feb-26,,RFS-1-12786755460,WO/50273,Carpentry FF,REDACTED,REDACTED,T1 Carpentry,$41.20 ,26-Feb-26,,Closed,
1769,25-Feb-26,,CT-03317,WO/50274,Welding & Painting,REDACTED,REDACTED,Welding,$105.00 ,26-Feb-26,,Closed,
1770,25-Feb-26,,IM-1-12781569375,WO/50281,Carpentry RF,REDACTED,REDACTED,T1 Carpentry,$330.42 ,26-Feb-26,,Approved,
1771,25-Feb-26,,RFS-1-12786632897,WO/50280,Plumbing,REDACTED,REDACTED,T1 Plumbing,$273.72 ,26-Feb-26,,Approved,
1772,25-Feb-26,,RFS-1-12786632933,WO/50279,Plumbing,REDACTED,REDACTED,T1 Plumbing,$277.65 ,26-Feb-26,,Approved,
1773,25-Feb-26,,CT-03321,WO/50246,Carpentry FF,REDACTED,REDACTED,T1 Carpentry,$96.00 ,,,Pending Approval,
1774,25-Feb-26,,IM-1-12628111967,WO/48162,Plumbing,REDACTED,REDACTED,T1 Plumbing,"$2,181.10 ",,,Pending Approval,
1775,25-Feb-26,,RFS-1-12786632999,WO/50284,Welding & Painting,REDACTED,REDACTED,T1 Painting,$444.90 ,26-Feb-26,,Closed,
1776,25-Feb-26,,CT-03325,WO/50272,Plumbing,REDACTED,REDACTED,T1 Plumbing,$643.90 ,26-Feb-26,,Closed,
1777,25-Feb-26,,CT-03318,WO/50283,Welding & Painting,REDACTED,REDACTED,T1 Painting,$10.00 ,26-Feb-26,,Approved,
1778,26-Feb-26,,IM-1-12786633324,WO/50290,Plumbing,REDACTED,REDACTED,T1 Plumbing,$293.50 ,,,Rejected,
1779,26-Feb-26,,IM-1-12786633324,WO/50289,Plumbing,REDACTED,REDACTED,T1 Plumbing,$127.00 ,,,Rejected,
1780,26-Feb-26,,RFS-1-12785216192,WO/50287,Welding & Painting,REDACTED,REDACTED,T1 Painting,"$1,816.70 ",26-Feb-26,,Approved,
1781,26-Feb-26,,RFS-1-12787213688,WO/50285,Carpentry FF,REDACTED,REDACTED,T1 Carpentry,$69.24 ,26-Feb-26,,Approved,
1782,26-Feb-26,,RFS-1-12784319360,WO/50292,Carpentry FF,REDACTED,REDACTED,Team 3,$133.00 ,26-Feb-26,,Approved,
1783,26-Feb-26,,RFS-1-12781870907,WO/50305,Carpentry FF,REDACTED,REDACTED,Team 4,$803.30 ,,,Pending Approval,
1784,26-Feb-26,,RFS-1-12787587028,WO/50295,Carpentry RF,REDACTED,REDACTED,T1 Carpentry,$40.50 ,26-Feb-26,,Closed,
1785,26-Feb-26,,RFS-1-12781871019,WO/50297,Carpentry FF,REDACTED,REDACTED,T1 Carpentry,$186.48 ,26-Feb-26,,Approved,
1786,26-Feb-26,, IM-1-12786754896 ,WO/50304,Welding & Painting,REDACTED,REDACTED,Team 2 ,$300.60 ,26-Feb-26,,Closed,
1787,26-Feb-26,,IM-1-12786754851, WO/50306,Welding & Painting,REDACTED,REDACTED,Team 2 ,$306.60 ,26-Feb-26,,Closed,
1788,26-Feb-26,,RFS-1-12785103982,WO/50301,Carpentry FF,REDACTED,REDACTED,Team 4,$10.80 ,26-Feb-26,,Closed,
1789,26-Feb-26,,RFS-1-12779552833,WO/50299,Carpentry FF,REDACTED,REDACTED,Team 4,$64.80 ,26-Feb-26,,Approved,
1790,26-Feb-26,,IM-1-12786850826,WO/50302,Plumbing,REDACTED,REDACTED,Team 4,$152.50 ,26-Feb-26,,Closed,
1791,26-Feb-26,,IM-1-12790538321,WO/50318,Plumbing,REDACTED,REDACTED,T1 Plumbing,$82.50 ,1-Mar-26,,Closed,
1792,27-Feb-26,,IM-1-12789545142,WO/50313,Carpentry FF,REDACTED,REDACTED,T1 Carpentry,$14.40 ,1-Mar-26,,Approved,
1793,28-Feb-26,,IM-12789690599,WO/50320,Carpentry FF,REDACTED,REDACTED,T1 Carpentry,$625.08 ,2-Mar-26,,Approved,
1794,28-Feb-26,,IM-1-12789690683,WO/50322,Carpentry FF,REDACTED,REDACTED,T1 Carpentry,$625.08 ,3-Mar-26,,Approved,
1795,28-Feb-26,,IM-1-12790427929,WO/50323,Carpentry FF,REDACTED,REDACTED,T1 Carpentry,$625.08 ,4-Mar-26,,Approved,
1796,28-Feb-26,,IM-1-12789630406,WO/50324,Carpentry FF,REDACTED,REDACTED,T1 Carpentry,$625.08 ,5-Mar-26,,Approved,
1797,28-Feb-26,,IM-1-12789630468,WO/50325,Carpentry FF,REDACTED,REDACTED,T1 Carpentry,$625.08 ,6-Mar-26,,Approved,
1798,28-Feb-26,,IM-1-12789630338,WO/50332,Carpentry FF,REDACTED,REDACTED,T1 Carpentry,$625.08 ,7-Mar-26,,Approved,
1799,28-Feb-26,,IM-1-12789630390,WO/50331,Carpentry FF,REDACTED,REDACTED,T1 Carpentry,$625.08 ,8-Mar-26,,Approved,
1800,28-Feb-26,,IM-1-12789630422,WO/50330,Carpentry FF,REDACTED,REDACTED,T1 Carpentry,$625.08 ,9-Mar-26,,Approved,
1801,28-Feb-26,,IM-1-12789630364,WO/50328,Carpentry FF,REDACTED,REDACTED,T1 Carpentry,$625.08 ,10-Mar-26,,Approved,
1802,28-Feb-26,,IM-1-12782393078,WO/50333,Carpentry FF,REDACTED,REDACTED,T1 Carpentry,$129.34 ,1-Mar-26,,Approved,
1803,28-Feb-26,,IM-1-12789691421,WO50334,Plumbing,REDACTED,REDACTED,T1 Plumbing,$176.00 ,1-Mar-26,,Closed,
1804,28-Feb-26,,RFS-1-12777278764,WO/50337,Welding & Painting,REDACTED,REDACTED,Welding,$295.00 ,1-Mar-26,,Approved,
1805,28-Feb-26,,RFS-1-12785216192,WO/50336,Welding & Painting,REDACTED,REDACTED,T1 Painting,"$1,980.30 ",1-Mar-26,,Approved,
1806,1-Mar-26,,IM-1-12790537572,WO/50343,Welding & Painting,REDACTED,REDACTED,T1 Painting,$67.70 ,2-Mar-26,,Closed,
1807,1-Mar-26,,IM-1-12790538376,WO/50342,Welding & Painting,REDACTED,REDACTED,T1 Painting,$190.40 ,2-Mar-26,,Closed,
1808,1-Mar-26,,IM-1-12790537713,WO/50341,Welding & Painting,REDACTED,REDACTED,T1 Painting,$66.20 ,2-Mar-26,,Closed,
1809,1-Mar-26,,RFS-1-12790424070,WO/50340,Welding & Painting,REDACTED,REDACTED,T1 Painting,$66.20 ,2-Mar-26,,Closed,
1810,1-Mar-26,,IM-1-12790427807,WO/50339,Welding & Painting,REDACTED,REDACTED,T1 Painting,$247.40 ,2-Mar-26,,Closed,
1811,1-Mar-26,,CT-03323,WO/50347,Plumbing,REDACTED,REDACTED,T1 Plumbing,$77.50 ,2-Mar-26,,Closed,
1812,1-Mar-26,,RFS-1-12790538256,WO/50354,Masonry,REDACTED,REDACTED,T1 Masonry,$462.66 ,2-Mar-26,,Approved,
1813,1-Mar-26,,IM-1-12789690825,WO/50350,Masonry,REDACTED,REDACTED,T1 Masonry,$529.31 ,2-Mar-26,,Approved,
1814,1-Mar-26,,IM-1-12790537607,WO/50369,Welding & Painting,REDACTED,REDACTED,T1 Painting,$172.40 ,2-Mar-26,,Closed,
1815,1-Mar-26,,CT-03336,WO/50366,Carpentry RF,REDACTED,REDACTED,T1 Carpentry,$309.37 ,2-Mar-26,,Approved,
1816,1-Mar-26,,CT-03336,WO/50365,Welding & Painting,REDACTED,REDACTED,T1 Painting,$184.80 ,2-Mar-26,,Approved,
1817,1-Mar-26,,CT-03336,WO/50364,Masonry,REDACTED,REDACTED,T1 Masonry,$537.16 ,2-Mar-26,,Approved,
1818,1-Mar-26,,IM-1-12789752517,WO/50368,Plumbing,REDACTED,REDACTED,T1 Plumbing,$289.00 ,2-Mar-26,,Closed,
1819,1-Mar-26,,IM-1-12790298326,WO/50367,Plumbing,REDACTED,REDACTED,T1 Plumbing,$112.10 ,1-Mar-26,,Closed,
1820,1-Mar-26,,IM-1-12790537607,WO/50358,Welding & Painting,REDACTED,REDACTED,T1 Painting,$172.40 ,,,Pending Approval,
1821,1-Mar-26,,IM-1-12789691080,WO/50361,Plumbing,REDACTED,REDACTED,T1 Masonry,$214.00 ,2-Mar-26,,Approved,
1822,1-Mar-26,,RFS-1-12793208555,WO/50374,Carpentry FF,REDACTED,REDACTED,T1 Carpentry,$250.48 ,3-Mar-26,,Approved,
1823,2-Mar-26,,RFS-1-12784319267 ,WO/50375,Carpentry RF,REDACTED,REDACTED,Team 3,$136.52 ,3-Mar-26,,Closed,
1824,2-Mar-26,, IM-1-12785008430,"WO/50377",Plumbing,REDACTED,REDACTED,Team 5,$373.85 ,3-Mar-26,,Approved,
1825,2-Mar-26,, CT-03337,WO/50370,Plumbing,REDACTED,REDACTED,T1 Plumbing,$314.50 ,3-Mar-26,,Closed,
1826,2-Mar-26,,CT-03338,WO/50379,Welding & Painting,REDACTED,REDACTED,T1 Painting,$308.40 ,3-Mar-26,,Closed,
1827,2-Mar-26,,IM-1-12792417277,WO/50392,Welding & Painting,REDACTED,REDACTED,T1 Painting,$438.00 ,3-Mar-26,,Closed,
1828,2-Mar-26,,RFS-1-12781042097,WO/50391,Carpentry FF,REDACTED,REDACTED,T1 Carpentry,$611.40 ,4-Mar-26,,Approved,
1829,2-Mar-26,,RFS-1-12790757812,WO/50390,Carpentry FF,REDACTED,REDACTED,T1 Carpentry,$68.64 ,3-Mar-26,,Approved,
1830,2-Mar-26,,RFS-1-12790818118,WO/50389,Carpentry FF,REDACTED,REDACTED,T1 Carpentry,$29.80 ,3-Mar-26,,Closed,
1831,2-Mar-26,,IM-1-12792491208,WO/50387,Plumbing,REDACTED,REDACTED,T1 Plumbing,$674.00 ,3-Mar-26,,Closed,
1832,2-Mar-26,,IM-1-12790757636,WO/50385,Plumbing,REDACTED,REDACTED,T1 Plumbing,$135.50 ,3-Mar-26,,Closed,
1833,2-Mar-26,,RFS-1-12790709998,WO/50384,Plumbing,REDACTED,REDACTED,T1 Plumbing,$357.00 ,3-Mar-26,,Closed,
1834,2-Mar-26,,IM-1-12791450053,WO/50383,Masonry,REDACTED,REDACTED,T1 Masonry,$176.00 ,3-Mar-26,,Closed,
1835,2-Mar-26,,RFS-1-12790757812,WO/50381,Welding & Painting,REDACTED,REDACTED,T1 Painting,$458.20 ,3-Mar-26,,Closed,
1836,3-Mar-26,,IM-1-12789690882,WO/50401,Plumbing,REDACTED,REDACTED,T1 Plumbing,$140.50 ,3-Mar-26,,Closed,
1837,3-Mar-26,,IM-1-12786850861,WO/50400,Plumbing,REDACTED,REDACTED,T1 Plumbing,$279.50 ,3-Mar-26,,Closed,
1838,3-Mar-26,,RFS-1-12790817767,WO/50397,Welding & Painting,REDACTED,REDACTED,T1 Painting,$79.50 ,3-Mar-26,,Closed,
1839,3-Mar-26,,RFS-1-12790709998,WO/50395,Welding & Painting,REDACTED,REDACTED,T1 Painting,$79.50 ,3-Mar-26,,Closed,
1840,3-Mar-26,,RFS-1-12790817787,WO/50402,Plumbing,REDACTED,REDACTED,T1 Plumbing,$84.50 ,3-Mar-26,,Closed,
1841,3-Mar-26,,RFS-1-12790757641,WO/50394,Plumbing,REDACTED,REDACTED,T1 Plumbing,$140.00 ,3-Mar-26,,Closed,
1842,3-Mar-26,,RFS-1-12790817772,WO/50403,Welding & Painting,REDACTED,REDACTED,T1 Painting,$79.50 ,3-Mar-26,,Closed,
1843,3-Mar-26,, IM-1-12790424344,"WO/50408",Carpentry FF,REDACTED,REDACTED,T1 Carpentry,$38.40 ,4-Mar-26,,Approved,
1844,3-Mar-26,, IM-1-12794906919,WO/50409,Carpentry FF,REDACTED,REDACTED,T1 Carpentry,$126.92 ,4-Mar-26,,Approved,
1845,3-Mar-26,,RFS-1-12790758066,"WO/50410",Plumbing,REDACTED,REDACTED,Team 2 ,$448.50 ,3-Mar-26,,Approved,
1846,3-Mar-26,,IM-1-12790424344,WO/50411,Welding & Painting,REDACTED,REDACTED,T1 Carpentry,$264.30 ,4-Mar-26,,Approved,
1847,3-Mar-26,,IM-1-12796598330,WO/50415,Plumbing,REDACTED,REDACTED,T1 Plumbing,$162.30 ,4-Mar-26,,Closed,
1848,3-Mar-26,,IM-1-12794906919,WO/50413,Plumbing,REDACTED,REDACTED,T1 Plumbing,$224.30 ,5-Mar-26,,Approved,
1849,3-Mar-26,,IM-1-12789691355,WO/50412,Masonry,REDACTED,REDACTED,T1 Masonry,$444.65 ,4-Mar-26,,Approved,
1850,3-Mar-26,,CT-03343,WO/50414,Masonry,REDACTED,REDACTED,Team 3,$584.00 ,5-Mar-26,,Closed,
1851,4-Mar-26,,IM-1-12796516305,WO/50419,Masonry,REDACTED,REDACTED,T1 Masonry,$577.66 ,4-Mar-26,,Approved,
1852,4-Mar-26,,IM-1-12791720497,WO/50418,Masonry,REDACTED,REDACTED,T1 Masonry,$488.00 ,4-Mar-26,,Approved,
1853,4-Mar-26,,RFS-1-12793026312,WO/50417,Plumbing,REDACTED,REDACTED,T1 Plumbing,$20.40 ,4-Mar-26,,Closed,
1854,4-Mar-26,,RFS-1-12793282390,WO/50416,Carpentry FF,REDACTED,REDACTED,T1 Carpentry,$615.76 ,4-Mar-26,,Approved,
1855,4-Mar-26,,RFS-1-12790758006  ,"WO/50443
",Carpentry FF,REDACTED,REDACTED,T1 Carpentry,"$2,186.44 ",5-Mar-26,,Approved,
1856,4-Mar-26,, RFS-1-12787700926,WO/50421,Carpentry FF,REDACTED,REDACTED,T1 Carpentry,"$2,285.06 ",4-Mar-26,,Approved,
1857,4-Mar-26,,RFS-1-12787700926,WO/50422,Plumbing,REDACTED,REDACTED,T1 Plumbing,$160.00 ,4-Mar-26,,Approved,
1858,4-Mar-26,,RFS-1-12777430605,WO/50423,Carpentry FF,REDACTED,REDACTED,T1 Carpentry,$735.00 ,5-Mar-26,,Approved,
1859,4-Mar-26,,RFS-1-12699419761,WO/50427,Carpentry RF,REDACTED,REDACTED,T1 Carpentry,$379.14 ,4-Mar-26,,Approved,
1860,4-Mar-26,,IM-1-12721379010,WO/50426,Masonry,REDACTED,REDACTED,Team 3,$85.00 ,4-Mar-26,,Closed,
1861,4-Mar-26,,IM-1-12794289500,WO/50425,Carpentry FF,REDACTED,REDACTED,Team 3,$59.64 ,4-Mar-26,,Closed,
1862,4-Mar-26,,IM-1-12793281605,WO/50424,Plumbing,REDACTED,REDACTED,T1 Plumbing,$357.00 ,4-Mar-26,,Approved,
1863,4-Mar-26,,IM-1-12794930595,WO/50434,Welding & Painting,REDACTED,REDACTED,Welding,$274.00 ,5-Mar-26,,Closed,
1864,4-Mar-26,,IM-1-12637288346,WO/50433,Welding & Painting,REDACTED,REDACTED,T1 Painting,$170.00 ,5-Mar-26,,Approved,
1865,4-Mar-26,,IM-1-12741164890,WO/50432,Welding & Painting,REDACTED,REDACTED,T1 Painting,$85.00 ,5-Mar-26,,Approved,
1866,4-Mar-26,,IM-12794907066,WO/50431,Welding & Painting,REDACTED,REDACTED,T1 Painting,$256.10 ,5-Mar-26,,Closed,
1867,4-Mar-26,,IM-1-12785103520,WO/50430,Welding & Painting,REDACTED,REDACTED,Team 4,$536.20 ,5-Mar-26,,Closed,
1868,4-Mar-26,,IM-1-12789691152,WO/50429,Welding & Painting,REDACTED,REDACTED,Team 4,$720.80 ,5-Mar-26,,Approved,
1869,4-Mar-26,,RFS-1-12790863969,WO/50437,Plumbing,REDACTED,REDACTED,T1 Plumbing,$167.03 ,5-Mar-26,,Closed,
1870,4-Mar-26,,RFS-1-12790863969,WO/50438,Masonry,REDACTED,REDACTED,T1 Masonry,"$1,182.00 ",16-Mar-26,,Closed,
1871,5-Mar-26,, IM-1-12774208305,"WO/50448
",Carpentry RF,REDACTED,REDACTED,T1 Carpentry,$168.00 ,,,Pending Approval,
1872,5-Mar-26,,IM-12791450006,WO/50453,Carpentry FF,REDACTED,REDACTED,T1 Carpentry,$109.00 ,8-Mar-26,,Approved,
1873,5-Mar-26,,IM-1-12798819111,WO/50454,Plumbing,REDACTED,REDACTED,T1 Plumbing,$703.50 ,8-Mar-26,,Approved,
1874,5-Mar-26,,RFS-1-12776969447,WO/50451,Plumbing,REDACTED,REDACTED,T1 Plumbing,$538.00 ,5-Mar-26,,Closed,
1875,5-Mar-26,,IM-1-12801678307,WO/50452,Plumbing,REDACTED,REDACTED,T1 Plumbing,$279.50 ,5-Mar-26,,Closed,
1876,5-Mar-26,,RFS-1-12801914868,WO/50456,Plumbing,REDACTED,REDACTED,T1 Plumbing,$259.50 ,8-Mar-26,,Closed,
1877,5-Mar-26,,RFS-1-12801915259,WO/50455,Plumbing,REDACTED,REDACTED,T1 Plumbing,$271.25 ,8-Mar-26,,Closed,
1878,5-Mar-26,,RFS-1-12777430605,WO/50473,Plumbing,REDACTED,REDACTED,T1 Plumbing,$354.00 ,8-Mar-26,,Approved,
1879,7-Mar-26,,IM-1-12774275742,WO/50457,Carpentry FF,REDACTED,REDACTED,T1 Carpentry,$96.00 ,8-Mar-26,,Approved,
1880,7-Mar-26,,IM-1-12789544605,WO/50462,Plumbing,REDACTED,REDACTED,T1 Plumbing,$420.00 ,8-Mar-26,,Closed,
1881,7-Mar-26,,RFS-1-12801996294,WO/50466,Plumbing,REDACTED,REDACTED,Team 2 ,$201.50 ,8-Mar-26,,Closed,
1882,7-Mar-26,,CT-0351,WO/50467,Plumbing,REDACTED,REDACTED,T1 Plumbing,$106.00 ,8-Mar-26,,Approved,
1883,8-Mar-26,,IM-1-12789691116,WO/50472,Welding & Painting,REDACTED,REDACTED,Team 4,$789.00 ,8-Mar-26,,Approved,
1884,8-Mar-26,,RFS-1-12799640969,WO/50471,Welding & Painting,REDACTED,REDACTED,T1 Painting,"$1,046.50 ",8-Mar-26,,Approved,
1885,8-Mar-26,,IM-1-12796908130,WO/50479,Welding & Painting,REDACTED,REDACTED,Team 3,$294.50 ,8-Mar-26,,Closed,
1886,8-Mar-26,,RFS-1-12802066536,WO/50487,Welding & Painting,REDACTED,REDACTED,T1 Painting,$670.05 ,9-Mar-26,,Approved,
1887,8-Mar-26,,CT-03355,WO/50491,Plumbing,REDACTED,REDACTED,T1 Plumbing,$545.56 ,9-Mar-26,,Closed,
1888,8-Mar-26,,RFS-1-12802066558,WO/50490,Welding & Painting,REDACTED,REDACTED,T1 Carpentry,$329.00 ,9-Mar-26,,Approved,
1889,8-Mar-26,,RFS-1-12802066542,WO/50492,Welding & Painting,REDACTED,REDACTED,T1 Carpentry,$477.40 ,9-Mar-26,,Approved,
1890,9-Mar-26,,IM-1-12791720497,WO/50494,Carpentry RF,REDACTED,REDACTED,T1 Carpentry,$592.20 ,9-Mar-26,,Approved,
1891,9-Mar-26,,RFS-1-12790757482,WO/50495,Carpentry RF,REDACTED,REDACTED,Team 2 ,$14.40 ,9-Mar-26,,Closed,
1892,9-Mar-26,,RFS-1-12790710465 ,WO/50496,Carpentry RF,REDACTED,REDACTED,Team 2 ,$31.20 ,9-Mar-26,,Closed,
1893,9-Mar-26,,IM-1-12796211665,WO/50484,Plumbing,REDACTED,REDACTED,Team 4,$420.75 ,9-Mar-26,,Approved,
1894,9-Mar-26,,RFS-1-12787700926,WO/50498,Plumbing,REDACTED,REDACTED,T1 Plumbing,$316.66 ,9-Mar-26,,Approved,
1895,9-Mar-26,,RFS-1-12802026368,WO/50505,Welding & Painting,REDACTED,REDACTED,T1 Painting,$494.60 ,10-Mar-26,,Approved,
1896,9-Mar-26,,IM-1-12799179509,WO/50508,Carpentry FF,REDACTED,REDACTED,Team 3,$49.50 ,7-Apr-26,,Approved,
1897,9-Mar-26,,CT-03354,WO/50489,Plumbing,REDACTED,REDACTED,Team 2 ,$134.00 ,9-Mar-26,,Closed,
1898,9-Mar-26,,IM-1-12804531428,WO/50511,Plumbing,REDACTED,REDACTED,T1 Plumbing,$589.10 ,10-Mar-26,,Closed,
1899,10-Mar-26,,IM-1-12802203887,WO/50517,Plumbing,REDACTED,REDACTED,T1 Plumbing,$123.00 ,11-Mar-26,,Approved,
1900,10-Mar-26,,IM-1-12802133544,WO/50515,Carpentry RF,REDACTED,REDACTED,T1 Carpentry,"$1,788.36 ",,,Pending Approval,
1901,10-Mar-26,,RFS-1-12794048454,WO/50519,Carpentry FF,REDACTED,REDACTED,T1 Carpentry,$143.64 ,11-Mar-26,,Approved,
1902,10-Mar-26,,RFS-1-12804832967,WO/50526,Carpentry FF,REDACTED,REDACTED,T1 Carpentry,$57.70 ,11-Mar-26,,Approved,
1903,10-Mar-26,, CT-03361,WO/50529,Carpentry RF,REDACTED,REDACTED,T1 Carpentry,"$1,144.40 ",11-Mar-26,,Approved,
1904,10-Mar-26,,IM-1-12796487620 ,"WO/50533",Masonry,REDACTED,REDACTED,Team 5,$859.32 ,11-Mar-26,,Approved,
1905,10-Mar-26,, CT-03362,"WO/50535",Plumbing,REDACTED,REDACTED,T1 Plumbing,$422.56 ,11-Mar-26,,Closed,
1906,10-Mar-26,,RFS-1-12806453826,WO/50531,Welding & Painting,REDACTED,REDACTED,T1 Painting,$353.50 ,11-Mar-26,,Closed,
1907,10-Mar-26,,RFS-1-12806453846,WO/50536,Carpentry FF,REDACTED,REDACTED,T1 Carpentry,$74.64 ,11-Mar-26,,Closed,
1908,10-Mar-26,,RFS-1-12806537197,WO/50530,Plumbing,REDACTED,REDACTED,T1 Plumbing,$162.30 ,11-Mar-26,,Closed,
1909,10-Mar-26,,IM-1-12792131210,WO/50545,Plumbing,REDACTED,REDACTED,Team 4,$61.75 ,11-Mar-26,,Approved,
1910,10-Mar-26,,IM-1-12796516003,WO/50543,Carpentry RF,REDACTED,REDACTED,Team 4,$818.76 ,11-Mar-26,,Approved,
1911,10-Mar-26,,RFS-1-12787586850,WO/50542,Carpentry RF,REDACTED,REDACTED,Team 4,$560.40 ,11-Mar-26,,Approved,
1912,10-Mar-26,,IM-1-12785008395,WO/50540,Carpentry RF,REDACTED,REDACTED,Team 4,$30.00 ,11-Mar-26,,Approved,
1913,10-Mar-26,,RFS-1-12789311787,WO/50539,Carpentry FF,REDACTED,REDACTED,Team 4,$14.60 ,17-Mar-26,,Approved,
1914,10-Mar-26,,IM-1-12789111068,WO/50538,Plumbing,REDACTED,REDACTED,Team 3,$279.00 ,11-Mar-26,,Closed,
1915,10-Mar-26,,CT-03360,WO/50528,Plumbing,REDACTED,REDACTED,T1 Plumbing,$150.00 ,11-Mar-26,,Closed,
1916,10-Mar-26,,CT-03363,WO/50544,Plumbing,REDACTED,REDACTED,Team 3,$128.28 ,11-Mar-26,,Closed,
1917,11-Mar-26,,RFS-1-12806105208,WO/50550,Welding & Painting,REDACTED,REDACTED,T1 Painting,"$2,077.10 ",11-Mar-26,,Approved,
1918,11-Mar-26,, CT-03366 ,"WO/50552",Carpentry RF,REDACTED,REDACTED,T1 Carpentry,"$1,624.20 ",11-Mar-26,,Approved,
1919,11-Mar-26,,RFS-1-12806453841,WO/50554,Welding & Painting,REDACTED,REDACTED,T1 Painting,$388.10 ,12-Mar-26,,Closed,
1920,11-Mar-26,,IM-1-12806740470,WO/50553,Welding & Painting,REDACTED,REDACTED,T1 Painting,"$1,355.40 ",12-Mar-26,,Closed,
1921,11-Mar-26,,RFS-1-12806537202,WO/50560,Plumbing,REDACTED,REDACTED,T1 Plumbing,$86.00 ,12-Mar-26,,Approved,
1922,11-Mar-26,,RFS-1-12807943912,WO/50558,Carpentry FF,REDACTED,REDACTED,T1 Carpentry,$164.00 ,12-Mar-26,,Closed,
1923,11-Mar-26,,IM-1-12805120229 ,WO/50565,Welding & Painting,REDACTED,REDACTED,Team 2 ,$300.60 ,12-Mar-26,,Approved,
1924,11-Mar-26,, IM-1-12805237782 ,WO/50566,Plumbing,REDACTED,REDACTED,Team 2 ,$277.50 ,12-Mar-26,,Closed,
1925,11-Mar-26,, IM-1-12805237564,WO/50567,Carpentry RF,REDACTED,REDACTED,Team 2 ,$40.80 ,12-Mar-26,,Closed,
1926,12-Mar-26,,IM-1-12804531384,WO/50571,Plumbing,REDACTED,REDACTED,T1 Plumbing,$232.00 ,12-Mar-26,,Approved,
1927,12-Mar-26,,IM-1-12808100685,WO/50573,Masonry,REDACTED,REDACTED,T1 Masonry,$142.50 ,12-Mar-26,,Approved,
1928,14-Mar-26,,RFS-1-12804156121,WO/50586,Plumbing,REDACTED,REDACTED,Team 4,$291.65 ,15-Mar-26,,Approved,
1929,14-Mar-26,,IM-1-12808334087,WO/50585,Plumbing,REDACTED,REDACTED,Team 4,$104.25 ,15-Mar-26,,Approved,
1930,14-Mar-26,,IM-1-12808920438,WO/50584,Carpentry FF,REDACTED,REDACTED,T1 Carpentry,$20.10 ,15-Mar-26,,Approved,
1931,14-Mar-26,,IM-1-12809854022,WO/50583,Plumbing,REDACTED,REDACTED,T1 Plumbing,$128.28 ,,,Closed,
1932,14-Mar-26,,RFS-1-12804482517,WO/50588,Plumbing,REDACTED,REDACTED,T1 Plumbing,$87.00 ,15-Mar-26,,Approved,
1933,14-Mar-26,,IM-1-12811570925,WO/50587,Plumbing,REDACTED,REDACTED,T1 Plumbing,$198.00 ,15-Mar-26,,Closed,
1934,14-Mar-26,,RFS-1-12789312204,WO/50589,Carpentry FF,REDACTED,REDACTED,Team 3,"$1,150.60 ",15-Mar-26,,Approved,
1935,15-Mar-26,,RFS-1-12804014403,WO/50611,Welding & Painting,REDACTED,REDACTED,Team 4,$816.50 ,16-Mar-26,,Approved,
1936,15-Mar-26,,RFS-1-12807943942,WO/50610,Masonry,REDACTED,REDACTED,Team 4,$155.00 ,16-Mar-26,,Approved,
1937,16-Mar-26,,IM-1-12805237733,WO/50614,Plumbing,REDACTED,REDACTED,Team 2 ,$421.50 ,16-Mar-26,,Closed,
1938,16-Mar-26,,RFS-1-12806537454 ,WO/50615,Plumbing,REDACTED,REDACTED,Team 2 ,$661.75 ,16-Mar-26,,Closed,
1939,16-Mar-26,, RFS-1-12806208562,WO/50616,Masonry,REDACTED,REDACTED,Team 2 ,$163.60 ,16-Mar-26,,Closed,
1940,16-Mar-26,,IM-1-12796516471,"WO/50617",Plumbing,REDACTED,REDACTED,Team 5,$266.00 ,16-Mar-26,,Closed,
1941,16-Mar-26,,IM-1-12811337552,"WO/50618",Plumbing,REDACTED,REDACTED,Team 5,$169.96 ,16-Mar-26,,Closed,
1942,16-Mar-26,,IM-1-12811455094,WO/50622,Plumbing,REDACTED,REDACTED,Team 4,$155.50 ,16-Mar-26,,Closed,
1943,16-Mar-26,,IM-1-12809754378,WO/50619,Plumbing,REDACTED,REDACTED,Team 4,$218.00 ,16-Mar-26,,Approved,
1944,16-Mar-26,,IM-1-12814357293,WO/50621,Plumbing,REDACTED,REDACTED,Team 4,$475.50 ,16-Mar-26,,Approved,
1945,16-Mar-26,,RFS-1-12806453846,WO/50625,Welding & Painting,REDACTED,REDACTED,T1 Painting,$388.10 ,17-Mar-26,,Approved,
1946,16-Mar-26,,RFS-1-12806831376,WO/50624,Carpentry FF,REDACTED,REDACTED,T1 Carpentry,$64.20 ,,,Approved,
1947,16-Mar-26,,RFS-1-12804482517,WO/50627,Carpentry FF,REDACTED,REDACTED,T1 Carpentry,$95.64 ,17-Mar-26,,Approved,
1948,16-Mar-26,,RFS-1-12818763077,WO/50626,Carpentry FF,REDACTED,REDACTED,T1 Carpentry,$194.28 ,17-Mar-26,,Approved,
1949,12-Mar-26,,CT-03370,WO/50570,Plumbing,REDACTED,REDACTED,Team 4,$40.00 ,16-Mar-26,,Closed,
1950,14-Mar-26,,CT-03375,WO/50595,Plumbing,REDACTED,REDACTED,T1 Plumbing,$427.28 ,,,Closed,
1951,17-Mar-26,,RFS-1-12802043744,WO/50634,Carpentry FF,REDACTED,REDACTED,Team 3,$7.20 ,17-Mar-26,,Approved,
1952,17-Mar-26,,IM-1-12809854278,WO/50635,Welding & Painting,REDACTED,REDACTED,Team 3,$364.40 ,17-Mar-26,,Closed,
1953,17-Mar-26,,IM-1-12821658819,WO/50637,Plumbing,REDACTED,REDACTED,T1 Plumbing,$99.50 ,17-Mar-26,,Closed,
1954,17-Mar-26,,IM-1-12821700636,WO/50638,Plumbing,REDACTED,REDACTED,T1 Plumbing,$304.50 ,17-Mar-26,,Approved,
1955,17-Mar-26,,IM-1-12822000617,WO/50643,Welding & Painting,REDACTED,REDACTED,T1 Painting,$338.10 ,18-Mar-26,,Approved,
1956,17-Mar-26,,IM-1-12821700871,WO/50642,Plumbing,REDACTED,REDACTED,T1 Plumbing,$140.50 ,18-Mar-26,,Closed,
1957,17-Mar-26,,IM-1-12796515887,WO/50641,Carpentry FF,REDACTED,REDACTED,T1 Carpentry,$529.10 ,18-Mar-26,,Approved,
1958,17-Mar-26,,IM-1-12822012071,WO/50640,Plumbing,REDACTED,REDACTED,T1 Plumbing,$304.50 ,17-Mar-26,,Approved,
1959,17-Mar-26,,IM-1-12808165640,WO/50651,Carpentry FF,REDACTED,REDACTED,T1 Carpentry,$97.74 ,18-Mar-26,,Closed,
1960,18-Mar-26,,RFS-1-12814254315,WO/50652,Welding & Painting,REDACTED,REDACTED,Team 2 ,$620.20 ,18-Mar-26,,Approved,
1961,18-Mar-26,,CT-03383,WO/50653,Masonry,REDACTED,REDACTED,T1 Masonry,$265.00 ,18-Mar-26,,Approved,
1962,18-Mar-26,,IM-1-12822000617,"WO/50656",Plumbing,REDACTED,REDACTED,T1 Plumbing,$130.00 ,18-Mar-26,,Approved,
1963,18-Mar-26,,IM-1-12822092834,WO/50655,Plumbing,REDACTED,REDACTED,T1 Plumbing,$558.98 ,18-Mar-26,,Approved,
1964,19-Mar-26,,RFS-1-12804014173,WO/50666,Masonry,REDACTED,REDACTED,Team 4,$47.50 ,24-Mar-26,,Approved,
1965,19-Mar-26,,IM-1-12810118654,WO/50665,Masonry,REDACTED,REDACTED,Team 4,"$1,067.50 ",,,Approved,
1966,19-Mar-26,,IM-1-12821658569,WO/50664,Plumbing,REDACTED,REDACTED,Team 4,$46.00 ,24-Mar-26,,Approved,
1967,19-Mar-26,,RFS-1-12816480843,WO/50668,Plumbing,REDACTED,REDACTED,Team 4,$550.56 ,24-Mar-26,,Closed,
1968,19-Mar-26,,CT-03389,WO/50667,Plumbing,REDACTED,REDACTED,T1 Plumbing,$375.00 ,24-Mar-26,,Approved,
1969,19-Mar-26,,RFS-1-12816480871,WO/50669,Plumbing,REDACTED,REDACTED,Team 4,$225.75 ,24-Mar-26,,Approved,
1970,19-Mar-26,,CT-03346 , WO/50428,Plumbing,REDACTED,REDACTED,T1 Plumbing,$327.00 ,,,Closed,
1971,19-Mar-26,,CT-03374,WO/50590,Plumbing,REDACTED,REDACTED,T1 Plumbing,$259.50 ,,,Closed,
1972,19-Mar-26,,RFS-1-12350483266,WO/43336,Plumbing,REDACTED,REDACTED,Team 4,"$2,495.95 ",,,Closed,
1973,19-Mar-26,,RFS-1-12350483266,WO/43332,Masonry,REDACTED,REDACTED,Team 4,"$2,081.30 ",,,Closed,
1974,22-Mar-26,,CT-03392,WO/50672,Plumbing,REDACTED,REDACTED,T1 Plumbing,$787.80 ,24-Mar-26,,Approved,
1975,23-Mar-26,,IM-1-12813854614,WO/50699,Plumbing,REDACTED,REDACTED,Team 5,"$1,070.25 ",24-Mar-26,,Approved,
1976,23-Mar-26,,RFS-1-12824311247,WO/50696,Carpentry FF,REDACTED,REDACTED,Team 4,$240.20 ,24-Mar-26,,Approved,
1977,23-Mar-26,,RFS-1-12824311240,WO/50693,Carpentry FF,REDACTED,REDACTED,Team 4,$30.60 ,24-Mar-26,,Approved,
1978,23-Mar-26,,IM-1-12821700936,WO/50691,Welding & Painting,REDACTED,REDACTED,T1 Painting,$199.70 ,24-Mar-26,,Approved,
1979,23-Mar-26,,IM-1-12821700591,WO/50689,Welding & Painting,REDACTED,REDACTED,T1 Painting,$84.70 ,24-Mar-26,,Approved,
1980,23-Mar-26,,IM-1-12821908686,WO/50679,Welding & Painting,REDACTED,REDACTED,Team 3,$595.60 ,24-Mar-26,,Approved,
1981,23-Mar-26,,RFS-1-12822884468,WO/50701,Welding & Painting,REDACTED,REDACTED,T1 Painting,$415.60 ,24-Mar-26,,Approved,
1982,25-Mar-26,,IM-1-12826553779,WO/50729,Plumbing,REDACTED,REDACTED,T1 Plumbing,$136.50 ,25-Mar-26,,Approved,
1983,25-Mar-26,,IM-1-12826273981,WO/50728,Plumbing,REDACTED,REDACTED,T1 Plumbing,$75.00 ,25-Mar-26,,Approved,
1984,25-Mar-26,,RFS-1-12824473875,WO/50726,Carpentry FF,REDACTED,REDACTED,T1 Carpentry,$36.60 ,25-Mar-26,,Approved,
1985,25-Mar-26,,RFS-1-12808231347,WO/50725,Carpentry FF,REDACTED,REDACTED,T1 Carpentry,$43.80 ,25-Mar-26,,Approved,
1986,25-Mar-26,,IM-1-12825948919,WO/50724,Welding & Painting,REDACTED,REDACTED,T1 Painting,$194.40 ,25-Mar-26,,Approved,
1987,25-Mar-26,,CT-03406,WO/50722,Plumbing,REDACTED,REDACTED,T1 Plumbing,$366.00 ,25-Mar-26,,Approved,
1988,25-Mar-26,,CT-03405,WO/50720,Plumbing,REDACTED,REDACTED,T1 Plumbing,$729.00 ,25-Mar-26,,Approved,
1989,25-Mar-26,,IM-1-12836854915,WO/50730,Masonry,REDACTED,REDACTED,T1 Masonry,$227.50 ,25-Mar-26,,Approved,
1990,25-Mar-26,,IM-1-12808028561,WO/50735,Carpentry RF,REDACTED,REDACTED,Team 3,$788.40 ,28-Mar-26,,Approved,
1991,25-Mar-26,,IM-1-12826395396,WO/50734,Carpentry RF,REDACTED,REDACTED,Team 3,$146.10 ,28-Mar-26,,Approved,
1992,25-Mar-26,,IM-1-12819803560,WO/50733,Carpentry RF,REDACTED,REDACTED,Team 3,"$2,736.00 ",28-Mar-26,,Approved,
1993,23-Mar-26,,CT-03394,WO/50685,Plumbing,REDACTED,REDACTED,Team 5,$556.12 ,,,Approved,
1994,23-Mar-26,,CT-03396,WO/50700,Plumbing,REDACTED,REDACTED,Team 3,$279.00 ,,,Closed,
1995,23-Mar-26,,CT-03393,WO/50676,Plumbing,REDACTED,REDACTED,Team 4,$279.00 ,,,Closed,
1996,26-Mar-26,,IM-1-12835875617,WO/50739,Carpentry RF,REDACTED,REDACTED,T1 Carpentry,$388.56 ,28-Mar-26,,Approved,
1997,26-Mar-26,,IM-1-12835591633,WO/50740,Welding & Painting,REDACTED,REDACTED,T1 Painting,$238.10 ,28-Mar-26,,Approved,
1998,26-Mar-26,,IM-1-12836944227,WO/50738,Masonry,REDACTED,REDACTED,T1 Masonry,$114.00 ,28-Mar-26,,Approved,
1999,26-Mar-26,,RFS-1-12826191659,WO/50743,Masonry,REDACTED,REDACTED,Team 4,$362.50 ,31-Mar-26,,Approved,
2000,26-Mar-26,,IM-1-12836943555,WO/50742,Welding & Painting,REDACTED,REDACTED,T1 Painting,$172.10 ,28-Mar-26,,Approved,
2001,26-Mar-26,,IM-1-12836943876,WO/50741,Carpentry FF,REDACTED,REDACTED,T1 Carpentry,$254.00 ,28-Mar-26,,Approved,
2002,26-Mar-26,,IM-1-12826553478,WO/50747,Plumbing,REDACTED,REDACTED,T1 Plumbing,$177.78 ,28-Mar-26,,Approved,
2003,27-Mar-26,,IM-1-12826192215,WO/50757,Carpentry FF,REDACTED,REDACTED,Team 3,$55.00 ,28-Mar-26,,Approved,
2004,27-Mar-26,,IM-1-12837283672,WO/50756,Carpentry FF,REDACTED,REDACTED,Team 3,$97.00 ,28-Mar-26,,Approved,
2005,27-Mar-26,,IM-1-12837248821,WO/50754,Carpentry FF,REDACTED,REDACTED,Team 3,$98.00 ,28-Mar-26,,Approved,
2006,27-Mar-26,,RFS-1-12837128824,WO/50751,Carpentry FF,REDACTED,REDACTED,T1 Carpentry,$111.36 ,28-Mar-26,,Approved,
2007,27-Mar-26,,IM-1-12837687500,WO/50752,Carpentry FF,REDACTED,REDACTED,T1 Carpentry,$176.00 ,31-Mar-26,,Approved,
2008,28-Mar-26,,IM-1-12838880597,WO/50761,Plumbing,REDACTED,REDACTED,T1 Plumbing,$324.00 ,28-Mar-26,,Approved,
2009,30-Mar-26,,IM-1-12838759660,WO/50782,Plumbing,REDACTED,REDACTED,T1 Plumbing,$36.00 ,31-Mar-26,,Approved,
2010,30-Mar-26,,IM-1-12838759603,WO/50781,Plumbing,REDACTED,REDACTED,T1 Plumbing,$543.56 ,31-Mar-26,,Approved,
2011,30-Mar-26,,IM-1-12824761949,WO/50780,Plumbing,REDACTED,REDACTED,T1 Plumbing,$133.50 ,31-Mar-26,,Approved,
2012,30-Mar-26,,IM-1-12822092864,WO/50785,Masonry,REDACTED,REDACTED,T1 Masonry,$575.81 ,31-Mar-26,,Approved,
2013,30-Mar-26,,IM-1-12822092962,WO/50784,Masonry,REDACTED,REDACTED,T1 Masonry,$590.44 ,31-Mar-26,,Approved,
2014,30-Mar-26,,IM-1-12809792122,"WO/50787",Carpentry RF,REDACTED,REDACTED,Team 2 ,$87.00 ,31-Mar-26,,Approved,
2015,30-Mar-26,,IM-1-12826553846 ,WO/50788,Masonry,REDACTED,REDACTED,Team 2 ,$701.00 ,31-Mar-26,,Approved,
2016,30-Mar-26,, IM-1-12822093008,"WO/50789",Masonry,REDACTED,REDACTED,Team 2 ,$678.50 ,31-Mar-26,,Approved,
2017,30-Mar-26,, IM-1-12834881604,WO/50790,Plumbing,REDACTED,REDACTED,Team 2 ,$315.00 ,31-Mar-26,,Closed,
2018,30-Mar-26,,RFS-1-12826039846,WO/50791,Plumbing,REDACTED,REDACTED,Team 2 ,$222.00 ,31-Mar-26,,Closed,
2019,30-Mar-26,,RFS-1-12826192065,WO/50786,Plumbing,REDACTED,REDACTED,T1 Plumbing,"$1,309.70 ",1-Apr-26,,Approved,
2020,30-Mar-26,,RFS-1-12804156176,"WO/50795",Carpentry RF,REDACTED,REDACTED,Team 2 ,$216.00 ,,,Rejected,
2021,30-Mar-26,,RFS-12836944177,WO/50796,Welding & Painting,REDACTED,REDACTED,Welding,$233.90 ,31-Mar-26,,Approved,
2022,30-Mar-26,,IM-1-12836943555,WO/50794,Carpentry RF,REDACTED,REDACTED,T1 Carpentry,$132.00 ,31-Mar-26,,Approved,
2023,30-Mar-26,,IM-1-12837389187,WO/50798,Plumbing,REDACTED,REDACTED,Team 4,$16.00 ,31-Mar-26,,Approved,
2024,30-Mar-26,,"CT-03387",WO/50663,Plumbing,REDACTED,REDACTED,T1 Plumbing,$280.00 ,,,Closed,
2025,30-Mar-26,,IM-1-12437276969,WO/44626,Carpentry RF,REDACTED,REDACTED,Team 4,$324.00 ,,,Closed,
2026,30-Mar-26,,RFS-1-12471167906,WO/45348,Carpentry RF,REDACTED,REDACTED,Team 4,$324.00 ,,,Closed,
2027,30-Mar-26,,IM-1-12531384217,WO/46438,Carpentry RF,REDACTED,REDACTED,T1 Carpentry,$429.00 ,,,Closed,
2028,30-Mar-26,,CT-03359,WO/50504,Carpentry RF,REDACTED,REDACTED,T1 Carpentry,$348.00 ,,,Closed,
2029,30-Mar-26,,IM-1- 12725459863,WO/49814,Masonry,REDACTED,REDACTED,Team 2 ,$635.00 ,,,Closed,
2030,30-Mar-26,,IM-1-12838710770,WO/50746,Plumbing,REDACTED,REDACTED,T1 Plumbing,$770.00 ,28-Mar-26,,Closed,
2031,30-Mar-26,,IM-1-12836898400,WO/50748,Plumbing,REDACTED,REDACTED,T1 Plumbing,$364.50 ,28-Mar-26,,Approved,
2032,30-Mar-26,,RFS-1-12800063470,WO/50745,Plumbing,REDACTED,REDACTED,T1 Plumbing,$421.28 ,28-Mar-26,,Closed,
2033,30-Mar-26,,IM-1-12822098568,WO/50802,Masonry,REDACTED,REDACTED,T1 Masonry,$508.16 ,1-Apr-26,,Approved,
2034,30-Mar-26,,RFS-1-12841472249,WO/50801,Carpentry FF,REDACTED,REDACTED,T1 Carpentry,$159.48 ,1-Apr-26,,Approved,
2035,30-Mar-26,,RFS-1-12837056667,WO/50800,Carpentry FF,REDACTED,REDACTED,T1 Carpentry,$480.00 ,1-Apr-26,,Approved,
2036,31-Mar-26,,IM-1-12844096812,WO/50805,Plumbing,REDACTED,REDACTED,T1 Plumbing,$319.50 ,1-Apr-26,,Approved,
2037,31-Mar-26,,RFS-1-12825948839,WO/50806,Masonry,REDACTED,REDACTED,T1 Masonry,$750.00 ,,,Pending Approval,
2038,31-Mar-26,,IM-1-12829457751,WO/50808,Plumbing,REDACTED,REDACTED,Team 3,$353.00 ,,,Approved,
2039,31-Mar-26,,IM-1-12838096517,WO/50809,Masonry,REDACTED,REDACTED,T1 Masonry,"$1,205.50 ",1-Apr-26,,Approved,
2040,31-Mar-26,,RFS-1-12842159728,"WO/50807",Plumbing,REDACTED,REDACTED,Team 5,$451.50 ,1-Apr-26,,Approved,
2041,31-Mar-26,, IM-1-12842159662 ,WO/50811,Plumbing,REDACTED,REDACTED,Team 5,"$1,066.00 ",1-Apr-26,,Approved,
2042,31-Mar-26,,RFS-1-12826192260,WO/50810,Masonry,REDACTED,REDACTED,T1 Masonry,$508.16 ,1-Apr-26,,Approved,
2043,31-Mar-26,,IM-1-12842399407,WO/50813,Welding & Painting,REDACTED,REDACTED,T1 Painting,$384.00 ,1-Apr-26,,Approved,
2044,31-Mar-26,,IM-1-12842398681,WO/50812,Welding & Painting,REDACTED,REDACTED,T1 Painting,$325.40 ,1-Apr-26,,Approved,
2045,31-Mar-26,,CT-03414,WO/50771,Plumbing,REDACTED,REDACTED,T1 Plumbing,$544.06 ,,,Closed,
2046,31-Mar-26,,IM-1-12843021473,WO/50816,Plumbing,REDACTED,REDACTED,T1 Plumbing,$212.00 ,1-Apr-26,,Approved,
2047,31-Mar-26,,IM-1-12838800126,WO/50815,Plumbing,REDACTED,REDACTED,T1 Plumbing,$140.00 ,1-Apr-26,,Approved,
2048,31-Mar-26,,RFS-1-12839759957,WO/50814,Plumbing,REDACTED,REDACTED,T1 Plumbing,$225.50 ,1-Apr-26,,Approved,
2049,1-Apr-26,,IM-1-12835463784,WO/50819,Plumbing,REDACTED,REDACTED,Team 4,$280.00 ,1-Apr-26,,Approved,
2050,1-Apr-26,,IM-1-12793472497,WO/50818,Plumbing,REDACTED,REDACTED,T1 Plumbing,$29.90 ,1-Apr-26,,Approved,
2051,1-Apr-26,,IM-1-12792688624,WO/73032,Carpentry FF,REDACTED,REDACTED,T1 Carpentry,$730.32 ,,,Pending Approval,
2052,1-Apr-26,,RFS-1-12793208995,WO/50823,Carpentry FF,REDACTED,REDACTED,T1 Carpentry,$651.64 ,1-Apr-26,,Approved,
2053,1-Apr-26,,IM-1-12843902748,WO/50825,Welding & Painting,REDACTED,REDACTED,T1 Painting,$329.40 ,1-Apr-26,,Approved,
2054,1-Apr-26,,IM-1-12821700591,WO/50827,Plumbing,REDACTED,REDACTED,T1 Plumbing,$140.00 ,1-Apr-26,,Closed,
2055,1-Apr-26,,IM-1-12792688624,WO/50824,Carpentry FF,REDACTED,REDACTED,T1 Carpentry,$730.32 ,1-Apr-26,,Approved,
2056,2-Apr-26,,IM-1-12835463718,WO/50841,Plumbing,REDACTED,REDACTED,Team 4,$98.50 ,2-Apr-26,,Approved,
2057,2-Apr-26,,IM-1-12842160185,WO/50840,Plumbing,REDACTED,REDACTED,Team 4,$280.00 ,2-Apr-26,,Approved,
2058,2-Apr-26,,IM-1-12845638479,WO/50836,Plumbing,REDACTED,REDACTED,T1 Plumbing,$212.00 ,2-Apr-26,,Approved,
2059,2-Apr-26,,IM-1-12843650155,WO/50839,Masonry,REDACTED,REDACTED,T1 Masonry,$,2-Apr-26,,Approved,
2060,2-Apr-26,,IM-1-12822093190,WO/50838,Masonry,REDACTED,REDACTED,T1 Masonry,$804.32 ,2-Apr-26,,Approved,
2061,2-Apr-26,,IM-1-12822093256,WO/50837,Masonry,REDACTED,REDACTED,T1 Masonry,$927.00 ,2-Apr-26,,Approved,
2062,2-Apr-26,,CT-03422,WO/50828,Plumbing,REDACTED,REDACTED,T1 Plumbing,$365.00 ,2-Apr-26,,Approved,
2063,2-Apr-26,,IM-1-12848867813,WO/50850,Plumbing,REDACTED,REDACTED,T1 Plumbing,$186.50 ,,,Pending Approval,
2064,2-Apr-26,,RFS-1-12846530655,WO/50848,Welding & Painting,REDACTED,REDACTED,T1 Painting,$77.30 ,2-Apr-26,,Approved,
2065,2-Apr-26,,RFS-1-12848548124,WO/50847,Welding & Painting,REDACTED,REDACTED,T1 Painting,$199.70 ,2-Apr-26,,Approved,
2066,2-Apr-26,,IM-1-12846111563,WO/50845,Carpentry FF,REDACTED,REDACTED,T1 Carpentry,$227.76 ,,,Rejected,
2067,2-Apr-26,,IM-1-12846111563,WO/50844,Masonry,REDACTED,REDACTED,T1 Masonry,$83.70 ,2-Apr-26,,Approved,
2068,2-Apr-26,,IM-1-12826553829,WO/50853,Plumbing,REDACTED,REDACTED,T1 Plumbing,$601.00 ,,,Pending Approval,
2069,2-Apr-26,,RFS-1-12846605532,WO/50852,Masonry,REDACTED,REDACTED,T1 Masonry,$306.00 ,2-Apr-26,,Approved,
2070,2-Apr-26,,IM-1-12848868443,WO/50856,Plumbing,REDACTED,REDACTED,T1 Plumbing,$86.00 ,,,Pending Approval,
2071,4-Apr-26,,IM-1-12852811596,WO/50864,Plumbing,REDACTED,REDACTED,T1 Plumbing,$124.15 ,5-Apr-26,,Approved,
2072,4-Apr-26,,CT-03424,WO/50868,Plumbing,REDACTED,REDACTED,T1 Plumbing,$769.00 ,5-Apr-26,,Approved,
2073,4-Apr-26,,RFS-1-12848624386,WO/50867,Welding & Painting,REDACTED,REDACTED,T1 Painting,$194.40 ,5-Apr-26,,Approved,
2074,4-Apr-26,,RFS-1-12848389726,WO/50866,Plumbing,REDACTED,REDACTED,T1 Plumbing,$283.81 ,,,Pending Approval,
2075,4-Apr-26,,IM-1-12853647804,WO/50869,Plumbing,REDACTED,REDACTED,T1 Plumbing,$139.50 ,,,Pending Approval,
2076,4-Apr-26,,RFS-1-12848389731,WO/50870,Masonry,REDACTED,REDACTED,T1 Masonry,$297.50 ,,,Pending Approval,
2077,1-Apr-26,,RFS-1-12848486835,WO/50833,Plumbing,REDACTED,REDACTED,T1 Plumbing,$279.50 ,,,Approved,
2078,5-Apr-26,,RFS-1-12848623569,WO/50887,Carpentry FF,REDACTED,REDACTED,T1 Carpentry,$37.20 ,5-Apr-26,,Approved,
2079,5-Apr-26,,IM-1-12842160465,WO/50885,Carpentry FF,REDACTED,REDACTED,T1 Carpentry,"$1,800.00 ",5-Apr-26,,Approved,
2080,5-Apr-26,,IM-1-12849144847,WO/50883,Masonry,REDACTED,REDACTED,T1 Masonry,$431.00 ,5-Apr-26,,Approved,
2081,5-Apr-26,,IM-1-12851213357,WO/50874,Plumbing,REDACTED,REDACTED,Team 3,$544.06 ,5-Apr-26,,Approved,
2082,5-Apr-26,,RFS-1-12803451984,WO/50877,Welding & Painting,REDACTED,REDACTED,Team 4,$342.00 ,5-Apr-26,,Approved,
2083,5-Apr-26,,RFS-1-12848624150,WO/50902,Masonry,REDACTED,REDACTED,T1 Masonry,$650.00 ,7-Apr-26,,Approved,
2084,5-Apr-26,,RFS-1-12848389716,WO/50901,Masonry,REDACTED,REDACTED,T1 Masonry,$297.50 ,,,Pending Approval,
2085,6-Apr-26,,RFS-1-12852150333,WO/50907,Welding & Painting,REDACTED,REDACTED,T1 Painting,$292.40 ,7-Apr-26,,Approved,
2086,6-Apr-26,,IM-1-12841118593,WO/50905,Carpentry FF,REDACTED,REDACTED,T1 Carpentry,$152.00 ,7-Apr-26,,Approved,
2087,6-Apr-26,,IM-1-12826553494,WO/50904,Carpentry FF,REDACTED,REDACTED,T1 Carpentry,"$1,217.90 ",7-Apr-26,,Approved,
2088,6-Apr-26,,RFS-1-12852150348,WO/50913,Plumbing,REDACTED,REDACTED,T1 Plumbing,$194.78 ,7-Apr-26,,Approved,
2089,6-Apr-26,,CT-03436,WO/50915,Plumbing,REDACTED,REDACTED,Team 2 ,$549.18 ,8-Apr-26,,Approved,
2090,6-Apr-26,,IM-1-12796211901,WO/50910,Plumbing,REDACTED,REDACTED,T1 Plumbing,$894.28 ,8-Apr-26,,Approved,
2091,6-Apr-26,,RFS-1-12861720386,WO/50911,Carpentry FF,REDACTED,REDACTED,T1 Carpentry,$58.08 ,7-Apr-26,,Approved,
2092,6-Apr-26,,IM-1-12863826503,WO/50918,Carpentry FF,REDACTED,REDACTED,T1 Carpentry,$53.00 ,7-Apr-26,,Approved,
2093,6-Apr-26,,IM-1-12851213147,WO/50917,Carpentry RF,REDACTED,REDACTED,T1 Carpentry,$65.64 ,9-Apr-26,,Approved,
2094,7-Apr-26,,RFS-1-12851730540,WO/50912,Carpentry FF,REDACTED,REDACTED,T1 Carpentry,$100.80 ,7-Apr-26,,Approved,
2095,7-Apr-26,,RFS-1-12865633303,WO/50930,Carpentry RF,REDACTED,REDACTED,T1 Carpentry,$113.28 ,7-Apr-26,,Approved,
2096,7-Apr-26,, RFS-1-12836897574,"WO/50858
",Carpentry RF,REDACTED,REDACTED,T1 Carpentry,$320.00 ,7-Apr-26,,Approved,
2097,7-Apr-26,,RFS-1-12848623799,WO/50900,Plumbing,REDACTED,REDACTED,T1 Plumbing,$240.00 ,7-Apr-26,,Approved,
2098,7-Apr-26,,CT3425 ,WO/50890,Plumbing,REDACTED,REDACTED,T1 Plumbing,$162.00 ,9-Apr-26,,Approved,
2099,7-Apr-26,, IM-1-1285997925,"WO/50898
",Plumbing,REDACTED,REDACTED,T1 Plumbing,$732.50 ,7-Apr-26,,Approved,
2100,7-Apr-26,,IM-1-12789630406 ,"WO/50324",Plumbing,REDACTED,REDACTED,T1 Plumbing,$472.28 ,7-Apr-26,,Approved,
2101,7-Apr-26,,RFS-1-12852252449,WO/50936,Plumbing,REDACTED,REDACTED,Team 2 ,$122.65 ,9-Apr-26,,Approved,
2102,7-Apr-26,,RFS-1-12851730694,WO/50935,Plumbing,REDACTED,REDACTED,Team 4,$180.00 ,9-Apr-26,,Approved,
2103,7-Apr-26,,IM-1-12839122295,WO/50934,Carpentry RF,REDACTED,REDACTED,Team 4,"$1,880.10 ",,,Rejected,
2104,7-Apr-26,, IM-1-12786940642,"WO/50937",Plumbing,REDACTED,REDACTED,Team 2 ,$153.00 ,9-Apr-26,,Approved,
2105,7-Apr-26,,IM-1-12734662043,"WO/50939",Plumbing,REDACTED,REDACTED,Team 2 ,$153.00 ,,,Pending Approval,
2106,7-Apr-26,,IM-1-12722701137 ,WO/50938,Plumbing,REDACTED,REDACTED,Team 2 ,$204.00 ,,,Pending Approval,
2107,7-Apr-26,,IM-1-12786754941 ,WO/50940,Plumbing,REDACTED,REDACTED,Team 2 ,$153.00 ,,,Pending Approval,
2108,7-Apr-26,,RFS-1-12852252454 ,"WO/50941",Carpentry RF,REDACTED,REDACTED,Team 2 ,$457.88 ,,,Pending Approval,
2109,7-Apr-26,,IM-1-12841156750 ,WO/50943,Plumbing,REDACTED,REDACTED,Team 2 ,$452.50 ,9-Apr-26,,Approved,
2110,7-Apr-26,,IM-1-12765681184 ,WO/50946,Plumbing,REDACTED,REDACTED,Team 2 ,$102.00 ,,,Pending Approval,
2111,7-Apr-26,,CT-03441,WO/50952,Plumbing,REDACTED,REDACTED,T1 Plumbing,$56.25 ,,,Pending Approval,
2112,7-Apr-26,,RFS-1-12852150353,WO/50949,Carpentry RF,REDACTED,REDACTED,T1 Carpentry,$492.00 ,,,Pending Approval,
2113,7-Apr-26,,RFS-1-12865542301,WO/50950,Plumbing,REDACTED,REDACTED,T1 Plumbing,$47.75 ,9-Apr-26,,Approved,
2114,7-Apr-26,,IM-1-12865633112,WO/50942,Plumbing,REDACTED,REDACTED,T1 Plumbing,$336.00 ,9-Apr-26,,Approved,
2115,8-Apr-26,,RFS-1-12865660824,WO/50958,Carpentry FF,REDACTED,REDACTED,T1 Carpentry,$83.64 ,9-Apr-26,,Approved,
2116,8-Apr-26,,RFS-1-12849405321,WO/50957,Carpentry FF,REDACTED,REDACTED,T1 Carpentry,$89.60 ,9-Apr-26,,Approved,
2117,8-Apr-26,,RFS-1-12852358256,WO/50945,Welding & Painting,REDACTED,REDACTED,T1 Plumbing,$381.00 ,,,Pending Approval,
2118,8-Apr-26,,RFS-1-12848623939,WO/50977,Welding & Painting,REDACTED,REDACTED,Team 3,$682.80 ,9-Apr-26,,Approved,
2119,8-Apr-26,,IM-1-12858708007,WO/50972,Plumbing,REDACTED,REDACTED,T1 Plumbing,$191.50 ,9-Apr-26,,Approved,
2120,8-Apr-26,,IM-1-12858707886,WO/50975,Plumbing,REDACTED,REDACTED,Team 3,"$1,171.40 ",9-Apr-26,,Approved,
2121,9-Apr-26,,IM-1-12866278935,WO/50982,Plumbing,REDACTED,REDACTED,Team 4,$57.10 ,,,Pending Approval,
2122,9-Apr-26,,IM-1-12845638515,WO/50985,Plumbing,REDACTED,REDACTED,T1 Masonry,"$1,404.90 ",,,Pending Approval,
2123,9-Apr-26,,CT-03440,WO/50944,Plumbing,REDACTED,REDACTED,T1 Plumbing,$279.50 ,9-Apr-26,,Approved,
2124,9-Apr-26,,IM-12867694096,WO/50990,Masonry,REDACTED,REDACTED,T1 Masonry,$97.10 ,,,Pending Approval,
2125,11-Apr-26,,CT-03450,WO/50998,Plumbing,REDACTED,REDACTED,T1 Plumbing,$279.50 ,,,Pending Approval,
2126,11-Apr-26,,RFS-1-12868102501,WO/50996,Carpentry FF,REDACTED,REDACTED,Team 3,$134.88 ,,,Pending Approval,
